USE project_comp_shop;

INSERT INTO catalogs (name) VALUES
('Процессоры'),
('Материнские платы'),
('Видеокарты'),
('Оперативная память'),
('Блоки питания'),
('Корпуса'),
('Охлаждения компьютера'),
('SSD накопители'),
('Жесткие диски'),
('Устройства расширения и апгрейд');


INSERT INTO producers (name, country) VALUES
('Intel', 'США'),
('AMD', 'США'),
('Gigabyte', 'Тайвань'),
('ASUS', 'Тайвань'),
('MSI', 'Тайвань'),
('Palit', 'Тайвань'),
('Kingston', 'США'),
('Crucial', 'США'),
('Corsair', 'США'),
('Patriot', 'США'),
('FSP', 'Тайвань'),
('Thermaltake', 'Тайвань'),
('Seasonic', 'Тайвань'),
('be quiet!', 'Германия'),
('DEXP', 'Россия'),
('AeroСool', 'Тайвань'),
('DeepCool', 'Китай'),
('NXZT', 'США'),
('InWin', 'Тайвань'),
('Zalman', 'Корея'),
('Noctua', 'Австрия'),
('Сooler Master', 'Тайвань'),
('Seagate', 'США'),
('Western Digital', 'США'),
('Samsung', 'Корея');


INSERT INTO steps (name_step) VALUES
('Оплата'),
('Упаковка'),
('Транспортировка'),
('Доставка');


INSERT INTO positions (name) VALUES
('Генеральный директор'),
('Администратор магазина'),
('Менеджер по закупкам'),
('Старший продавец'),
('Продавец'),
('Кассир'),
('Главный бухгалтер'),
('Бухгалтер');


INSERT INTO streets (name) VALUES
('Азовская улица'),
('Автозаводская площадь'),
('Балтийская улица'),
('Востряковский проезд'),
('Вербная улица'),
('Гиляровского улица'),
('Долгопрудная улица'),
('Иркутская улица'),
('Каланчёвская улица'),
('Кантемировская улица'),
('Кошкина улица'),
('Лубянская площадь'),
('Лётная улица'),
('Марьинский бульвар'),
('Менделеевская улица'),
('Мичуринский проспект'),
('Никольская улица'),
('Новинский бульвар'),
('Отрадный проезд'),
('Планерная улица'),
('Пермская улица'),
('Ростокинская улица'),
('Усачёва улица');


INSERT INTO cities (name) VALUES
('Москва'),
('Наро-Фоминск'),
('Пушкино'),
('Королев'),
('Видное'),
('Дзержинский'),
('Жуковский'),
('Подольск');


# SET FOREIGN_KEY_CHECKS = 0; 
# TRUNCATE table positions; 
# SET FOREIGN_KEY_CHECKS = 1; Обновить счетчики, если есть внешние ключи у таблицы

INSERT INTO sellers (first_name, last_name, position_id) VALUES
('Анастасия', 'Петрова', 2),
('Дмитрий', 'Дятлов', 4),
('Иван', 'Жмыщенко', 4),
('Степан', 'Разин', 4),
('Анна', 'Николаева', 5),
('Юрий', 'Богданов', 5),
('Андрей', 'Максимов', 5),
('Юрий', 'Анисимов', 5),
('Владислав', 'Носков', 5),
('Людмила', 'Сорокина', 5);


INSERT INTO addresses (city_id, street_id, house, flat) VALUES
('3','7','40','90'),
('6','13','4','6'),
('4','17','16','35'),
('4','4','88','84'),
('8','15','96','22'),
('3','5','75','20'),
('1','12','93','125'),
('3','22','137','99'),
('2','17','33','83'),
('6','14','130','113'),
('4','17','55','26'),
('5','13','71','79'),
('6','20','70','20'),
('7','21','126','44'),
('7','4','106','32'),
('1','6','95','6'),
('7','11','63','48'),
('2','7','55','114'),
('3','9','14','43'),
('7','21','57','100'),
('6','6','30','72'),
('3','6','73','85'),
('5','12','50','105'),
('6','13','38','33'),
('6','22','13','116'),
('1','1','115','64'),
('1','23','109','44'),
('8','10','58','77'),
('7','20','133','15'),
('6','15','64','71'),
('4','3','122','97'),
('4','11','128','120'),
('8','17','51','84'),
('2','23','146','118'),
('6','7','81','128'),
('3','21','125','128'),
('6','8','147','50'),
('1','23','89','77'),
('2','13','84','5'),
('1','2','31','68'),
('6','1','67','54'),
('5','4','138','35'),
('1','22','126','74'),
('6','12','123','91'),
('5','17','55','70'),
('8','4','31','71'),
('1','12','75','57'),
('1','19','60','15'),
('6','8','36','26'),
('8','6','56','36');


INSERT INTO `clients` (first_name, last_name, address_id, phone, email, created_at, updated_at) VALUES 
('Андрей','Дугин','38','(796)013-6244','kemmer.julio@example.org','2004-12-29 12:18:14','2019-01-31 00:00:00'),
('Матвей','Хомяков','41','482.788.2512x84436','bogan.geovanny@example.com','1979-12-13 12:04:15','2019-01-31 00:00:00'),
('Иван','Алексеев','48','(148)240-6256','jennings20@example.net','2002-10-24 19:22:26','2019-01-31 00:00:00'),
('Никита','Швецов','30','+69(8)1421342078','carlie52@example.net','1987-11-20 23:54:12','2019-01-31 00:00:00'),
('Юрий','Кондратьев','26','809-911-0455x070','assunta.trantow@example.net','1996-01-31 08:24:06','2019-01-31 00:00:00'),
('Екатерина','Кравченко','20','540.538.8796x1072','kessler.amira@example.org','2019-09-06 17:03:26','2019-01-31 00:00:00'),
('Давид','Болотов','12','268.252.1117x33782','vherzog@example.com','1981-09-11 19:31:33','2019-01-31 00:00:00'),
('Илья','Данилина','37','594.589.4495x80481','palma.langosh@example.com','2001-08-11 03:37:07','2019-01-31 00:00:00'),
('Аркадий','Ильин','24','(197)242-8834x4031','jaylon.zboncak@example.com','2005-08-30 12:12:41','2019-01-31 00:00:00'),
('Всеволод','Белов','43','774.072.8748','koss.mikel@example.org','2001-09-01 22:54:30','2019-01-31 00:00:00'),
('Артемий','Гусев','11','+93(4)6261077202','daniel.adrianna@example.com','2001-09-18 15:09:00','2019-01-31 00:00:00'),
('Ольга','Фидлер','32','1-180-277-5906','keaton86@example.com','2010-07-28 07:04:50','2019-01-31 00:00:00'),
('Исаак','Окунев','46','380-116-4989x0325','jacobi.juliana@example.com','2007-02-28 07:12:04','2019-01-31 00:00:00'),
('Юлия','Мельникова','13','(713)258-9169','streich.pauline@example.com','1977-12-08 06:53:14','2019-01-31 00:00:00'),
('Англелина','Петрова','4','473-150-4573','deshawn.kovacek@example.net','1984-06-11 05:48:52','2019-01-31 00:00:00'),
('Михаил','Трикоз','19','1-761-927-7969','russel.raleigh@example.org','1987-01-01 17:53:46','2019-01-31 00:00:00'),
('Екатерина','Жаркова','21','760.199.8015x93016','nasir31@example.net','1975-05-01 20:29:42','2019-01-31 00:00:00'),
('Евгений','Лесной','31','1-815-559-1470','mbradtke@example.org','2001-05-10 05:25:04','2019-01-31 00:00:00'),
('Степан','Иванов','27','1-836-631-3329x9858','destini.mclaughlin@example.org','1981-02-25 20:04:46','2019-01-31 00:00:00'),
('Никита','Пинчук','7','878-274-6054x1729','jan.stamm@example.com','1987-07-25 11:39:42','2019-01-31 00:00:00'),
('Александр','Парфенов','28','03956732841','keon.muller@example.org','2013-06-15 00:09:01','2019-01-31 00:00:00'),
('Олег','Мартынов','8','918.311.4891','satterfield.gisselle@example.org','1988-09-18 00:12:39','2019-01-31 00:00:00'),
('Полина','Чернышев','45','017-487-8334x621','stone30@example.org','2015-03-17 07:22:36','2019-01-31 00:00:00'),
('Христос','Сурков','14','241-436-8398x350','tess.mueller@example.net','1984-09-20 03:23:48','2019-01-31 00:00:00'),
('Фредерик','Кармазин','44','922.126.7164','hackett.heaven@example.org','2012-06-22 16:43:06','2019-01-31 00:00:00'),
('Джастин','Дягилев','1','(572)322-8661x0758','burnice.lakin@example.net','1985-10-26 08:24:21','2019-01-31 00:00:00'),
('Любмила','Попова','5','(403)177-0051x394','owest@example.com','1975-11-28 02:26:53','2019-01-31 00:00:00'),
('Руслан','Голенищев','25','752-839-3436x68521','silas.wilkinson@example.org','1999-05-20 10:38:15','2019-01-31 00:00:00'),
('Андрей','Яворский','6','104.354.1192','grady.rae@example.com','1992-12-08 17:55:35','2019-01-31 00:00:00'),
('Вера','Артемьева','3','+65(9)6355889696','issac.collier@example.net','1973-01-28 10:35:43','2019-01-31 00:00:00'),
('Денис','Слабнов','18','(022)965-3326','harber.irwin@example.org','1989-11-16 08:55:51','2019-01-31 00:00:00'),
('Кирилл','Полищук','47','(654)649-0365','chelsey.pfannerstill@example.net','1998-03-02 06:10:44','2019-01-31 00:00:00'),
('Сергей','Кутырин','50','1-032-999-1542x5855','champlin.simeon@example.net','2001-05-23 14:05:16','2019-01-31 00:00:00'),
('Леонид','Лексашов','33','1-939-573-6294','xbednar@example.net','1971-06-01 13:29:35','2019-01-31 00:00:00'),
('Алексей','Катков','22','1-113-202-4474','bauch.nat@example.org','1973-08-25 14:33:19','2019-01-31 00:00:00'),
('Николай','Беляков','16','1-699-168-1127x93314','o\'kon.fabian@example.org','1987-05-01 00:37:30','2019-01-31 00:00:00'),
('Светлана','Уткова','2','(744)266-0374x041','thalia.lowe@example.net','2011-08-25 04:13:46','2019-01-31 00:00:00'),
('Дмитрий','Щербинин','29','(298)870-9076','nathanial24@example.org','1978-08-27 22:51:06','2019-01-31 00:00:00'),
('Глен','Павличенков','35','855-232-1652x45795','duane.white@example.net','2007-07-29 05:37:21','2019-01-31 00:00:00'),
('Пётр','Горбатов','23','1-693-214-4442x87812','jaunita.marquardt@example.org','2003-10-27 22:57:00','2019-01-31 00:00:00'),
('Иван','Елькин','49','(145)133-8384','mallory35@example.net','2013-09-11 04:38:04','2019-01-31 00:00:00'),
('Фёдор','Лобов','17','+24(6)4300571421','woodrow06@example.net','1976-08-12 06:17:42','2019-01-31 00:00:00'),
('Анатолий','Пивоваров','34','321.998.1612','qquigley@example.org','2004-12-29 02:49:36','2019-01-31 00:00:00'),
('Вениамин','Дмитриев','42','962.412.7476','frieda63@example.net','1986-10-13 11:47:31','2019-01-31 00:00:00'),
('Дина','Васильев','9','384-918-0440x8563','ulang@example.org','1974-11-04 00:10:14','2019-01-31 00:00:00'),
('Екатерина','Ярмахова','39','1-339-320-8880x8662','balistreri.ciara@example.com','1998-05-23 18:42:09','2019-01-31 00:00:00'),
('Богдан','Качалов','40','407.735.9623x5755','kihn.carlie@example.net','1998-12-28 22:53:16','2019-01-31 00:00:00'),
('Филипп','Соловьев','36','(896)831-8854x03032','tnienow@example.net','2003-01-16 00:41:56','2019-01-31 00:00:00'),
('Давид','Орлов','10','636.615.1490x5412','lryan@example.net','2014-06-29 14:40:19','2019-01-31 00:00:00'),
('Ксения','Чухлова','15','(921)390-7757','archibald37@example.org','1982-01-31 20:12:19','2019-01-31 00:00:00');


INSERT INTO products (name, description, price, catalog_id, producer_id) VALUES
('AMD Ryzen 3 1200', 'Настольный процессор', 4200, 1, 2),
('AMD Ryzen 3 1300', 'Настольный процессор', 4500, 1, 2),
('AMD Ryzen 3 1400', 'Настольный процессор', 5100, 1, 2),
('AMD Ryzen 5 1600', 'Настольный процессор', 7100, 1, 2),
('AMD Ryzen 7 1700', 'Настольный процессор', 8000, 1, 2),
('AMD Ryzen 3 2200G', 'Настольный процессор', 4700, 1, 2),
('AMD Ryzen 7 2700', 'Настольный процессор', 15000, 1, 2),
('AMD Ryzen 5 3600', 'Настольный процессор', 12000, 1, 2),
('AMD Ryzen 7 3700x', 'Настольный процессор', 23000, 1, 2),
('Intel Core i5 9400F', 'Настольный процессор', 10000, 1, 1),
('Intel Core i5 9600K', 'Настольный процессор', 12100, 1, 1),
('Intel Core i7 9700K', 'Настольный процессор', 17000, 1, 1),
('Intel Core i9 9900K', 'Настольный процессор', 30150, 1, 1),
('Intel Core i5 10400', 'Настольный процессор', 21000, 1, 1),
('Intel Core i7 10700K', 'Настольный процессор', 28000, 1, 1),
('Intel Core i5 9100F', 'Настольный процессор', 7130, 1, 1),
('Gigabyte B450M DS3H', 'Материнская плата для настольного компьютера', ROUND(RAND() * 10000 + 5000, 2), 2, 3),
('ASUS PRIME H310M-R R2.0', 'Материнская плата для настольного компьютера', ROUND(RAND() * 10000 + 5000, 2), 2, 4),
('ASUS PRIME B450M-A', 'Материнская плата для настольного компьютера', ROUND(RAND() * 10000 + 5000, 2), 2, 4),
('ASUS TUF B450M-PRO GAMING', 'Материнская плата для настольного компьютера', ROUND(RAND() * 10000 + 5000, 2), 2, 4),
('ASUS PRIME B365M-K', 'Материнская плата для настольного компьютера', ROUND(RAND() * 10000 + 5000, 2), 2 , 4),
('MSI B360 GAMING PLUS', 'Материнская плата для настольного компьютера', ROUND(RAND() * 10000 + 5000, 2), 2 , 5),
('MSI B450M PRO-M2 MAX', 'Материнская плата для настольного компьютера', ROUND(RAND() * 10000 + 5000, 2), 2 , 5),
('MSI MPG Z390 GAMING PLUS', 'Материнская плата для настольного компьютера', ROUND(RAND() * 10000 + 5000, 2), 2 , 5),
('Gigabyte Z390 D', 'Материнская плата для настольного компьютера', ROUND(RAND() * 10000 + 5000, 2), 2 , 3),
('ASUS TUF B360-PRO GAMING', 'Материнская плата для настольного компьютера', ROUND(RAND() * 10000 + 5000, 2), 2 , 4),
('ASUS H110M-R/C/SI', 'Материнская плата для настольного компьютера', ROUND(RAND() * 10000 + 5000, 2), 2 , 4),
('ASUS ROG STRIX B360-H GAMING', 'Материнская плата для настольного компьютера', ROUND(RAND() * 10000 + 5000, 2), 2 , 4),
('Gigabyte H310M S2V 2.0', 'Материнская плата для настольного компьютера', ROUND(RAND() * 10000 + 5000, 2), 2 , 3),
('MSI Z390-A PRO', 'Материнская плата для настольного компьютера', ROUND(RAND() * 10000 + 5000, 2), 2 , 5),
('Gigabyte Z490 UD', 'Материнская плата для настольного компьютера', ROUND(RAND() * 10000 + 5000, 2), 2 , 3),
('Gigabyte X570 GAMING X', 'Материнская плата для настольного компьютера', ROUND(RAND() * 10000 + 5000, 2), 2 , 3),
('MSI GeForce GTX 1650', 'Графический ускоритель для настольного компьютера',ROUND(RAND() * 13000 + 5000, 2), 3, 5),
('Palit GeForce GTX 1650', 'Графический ускоритель для настольного компьютера', ROUND(RAND() * 13000 + 5000, 2), 3, 6),
('Gigabyte GeForce GTX 1660', 'Графический ускоритель для настольного компьютера', ROUND(RAND() * 13000 + 5000, 2), 3, 3),
('Palit GeForce RTX 2070SUPER', 'Графический ускоритель для настольного компьютера', ROUND(RAND() * 13000 + 5000, 2), 3, 6),
('MSI Radeon RX 570', 'Графический ускоритель для настольного компьютера', ROUND(RAND() * 13000 + 5000, 2), 3, 5),
('ASUS Radeon RX 580', 'Графический ускоритель для настольного компьютера', ROUND(RAND() * 13000 + 5000, 2), 3, 4),
('Gigabyte Radeon RX 5700XT', 'Графический ускоритель для настольного компьютера', ROUND(RAND() * 13000 + 5000, 2), 3, 3),
('Crucial CT8G4DFS8266 DDR4 — 8ГБ', 'Оперативная память для настольного компьютера', ROUND(RAND() * 3000 + 5000, 2), 4, 8),
('Kingston VALUERAM KVR26N19S8/8 DDR4 — 8ГБ', 'Оперативная память для настольного компьютера', ROUND(RAND() * 3000 + 5000, 2), 4, 7),
('Corsair Vengeance LPX CMK16GX4M2A2666C16 DDR4 — 2x 8ГБ', 'Оперативная память для настольного компьютера', ROUND(RAND() * 3000 + 5000, 2), 4, 9),
('Crucial CT8G4DFS824A DDR4 — 8ГБ', 'Оперативная память для настольного компьютера', ROUND(RAND() * 3000 + 5000, 2), 4, 8),
('Samsung M378A1K43CB2-CTD DDR4 — 8ГБ', 'Оперативная память для настольного компьютера', ROUND(RAND() * 3000 + 5000, 2), 4, 25),
('Patriot PSD34G16002S DDR3 — 4ГБ', 'Оперативная память для настольного компьютера', ROUND(RAND() * 3000 + 5000, 2), 4, 10),
('Patriot Signature PSD48G266681 DDR4 — 8ГБ', 'Оперативная память для настольного компьютера', ROUND(RAND() * 3000 + 5000, 2), 4, 10),
('AeroCool VX PLUS 500W', 'Блок питания для настольного компьютера', ROUND(RAND() * 2000 + 5000, 2), 5, 16),
('Thermaltake Smart RGB 500', 'Блок питания для настольного компьютера', ROUND(RAND() * 2000 + 5000, 2), 5, 12),
('Thermaltake TR2 S', 'Блок питания для настольного компьютера', ROUND(RAND() * 2000 + 5000, 2), 5, 12),
('FSP ATX-450PNR-I', 'Блок питания для настольного компьютера', ROUND(RAND() * 2000 + 5000, 2), 5, 15),
('FSP 550PNR', 'Блок питания для настольного компьютера', ROUND(RAND() * 2000 + 5000, 2), 5, 15),
('Seasonic FOCUS GX-650,', 'Блок питания для настольного компьютера', ROUND(RAND() * 2000 + 5000, 2), 5, 13),
('Seasonic PRIME GX-650,', 'Блок питания для настольного компьютера', ROUND(RAND() * 2000 + 5000, 2), 5, 13),
('ATX Zalman S2,', 'Корпус для настольного компьютера', ROUND(RAND() * 100 + 5000, 2), 6, 20),
('ATX AEROCOOL AERO-500', 'Корпус для настольного компьютера', ROUND(RAND() * 100 + 5000, 2), 6, 16),
('ATX DEXP AB-150', 'Корпус для настольного компьютера', ROUND(RAND() * 100 + 5000, 2), 6, 15),
('mATX DEXP Z-5', 'Корпус для настольного компьютера', ROUND(RAND() * 100 + 5000, 2), 6, 15),
('MicroATX NZXT P200', 'Корпус для настольного компьютера', ROUND(RAND() * 100 + 5000, 2), 6, 18),
('FullTower InWin Obsidian', 'Корпус для настольного компьютера', ROUND(RAND() * 100 + 5000, 2), 6, 19),
('DeepCool GAMMAXX 300 FURY', 'Охлаждение для процессора', ROUND(RAND() * 100 + 3000, 2), 7, 17),
('DeepCool GAMMAXX 200 V2', 'Охлаждение для процессора', ROUND(RAND() * 100 + 3000, 2), 7, 17),
('NZXT Kraken X-62', 'Охлаждение для процессора', ROUND(RAND() * 100 + 3000, 2), 7, 18),
('be quiet! Dark Rock Pro 4', 'Охлаждение для процессора', ROUND(RAND() * 100 + 3000, 2), 7, 14),
('DeepCool HTPC-200', 'Охлаждение для процессора', ROUND(RAND() * 100 + 3000, 2), 7, 17),
('Noctua Insomnia Z-50', 'Охлаждение для процессора', ROUND(RAND() * 100 + 3000, 2), 7, 21),
('Cooler Master Silent Storm P-10', 'Охлаждение для процессора', ROUND(RAND() * 1000 + 3000, 2), 7, 22),
('WD Green WDS240G2G0A 240ГБ', 'SSD накопитель для настольного компьютера', ROUND(RAND() * 1000 + 3000, 2), 8, 24),
('Samsung 860 EVO MZ-76E250BW 250ГБ', 'SSD накопитель для настольного компьютера', ROUND(RAND() * 1000 + 3000, 2), 8, 25),
('Kingston A400 SA400S37/240G 240ГБ', 'SSD накопитель для настольного компьютера', ROUND(RAND() * 1000 + 3000, 2), 8, 7),
('Crucial BX500 CT240BX500SSD1 240ГБ', 'SSD накопитель для настольного компьютера', ROUND(RAND() * 1000 + 3000, 2), 8, 8),
('Patriot Burst PBU120GS25SSDR 120ГБ', 'SSD накопитель для настольного компьютера', ROUND(RAND() * 1000 + 3000, 2), 8, 10),
('AMD Radeon R5 R5SL240G 240ГБ', 'SSD накопитель для настольного компьютера', ROUND(RAND() * 1000 + 3000, 2), 8, 2),
('Patriot Burst PBU240GS25SSDR 240ГБ', 'SSD накопитель для настольного компьютера', ROUND(RAND() * 1000 + 3000, 2), 8, 10),
('WD Caviar Blue WD10EZEX', 'Жесткий диск для настольного компьютера', ROUND(RAND() * 1000 + 2000, 2), 9, 24),
('Seagate Barracuda ST1000DM010', 'Жесткий диск для настольного компьютера', ROUND(RAND() * 1000 + 2000, 2), 9, 23),
('Seagate Barracuda ST2000DM008', 'Жесткий диск для настольного компьютера', ROUND(RAND() * 1000 + 2000, 2), 9, 23),
('WD Blue WD10SPZX', 'Жесткий диск для настольного компьютера', ROUND(RAND() * 1000 + 2000, 2), 9, 24),
('Звуковая карта ASUS PCI-E NLP-200', 'Звуковая карта для настольного компьютера', ROUND(RAND() * 1000 + 1000, 2), 10, 4),
('Сетевой адаптер Gigabyte PWM-10', 'Сетевой адаптер для настольного компьютера', ROUND(RAND() * 1000 + 500, 2), 10, 3);


INSERT INTO `storehouse_products` VALUES 
('1','69','17','1991-06-23 08:30:16','1995-12-18 19:01:31'),
('2','9','0','1980-08-14 06:25:43','1995-02-01 01:07:07'),
('3','1','14','1970-06-15 01:33:01','2003-12-06 16:47:21'),
('4','61','28','1970-01-16 11:02:10','1981-07-20 14:50:52'),
('5','22','6','2006-07-01 14:09:49','1976-08-03 12:11:29'),
('6','28','8','2013-10-14 10:49:15','1991-06-03 17:07:43'),
('7','58','17','2017-05-30 23:40:25','1998-11-05 02:19:46'),
('8','19','29','1981-04-01 18:24:58','1975-02-22 21:36:21'),
('9','50','8','1974-10-25 14:18:56','2007-07-22 15:05:32'),
('10','31','25','2005-10-09 18:19:53','1977-02-17 00:42:50'),
('11','7','5','1997-02-02 09:35:11','1985-05-12 08:40:01'),
('12','14','27','2020-02-15 08:36:16','1991-04-27 02:42:06'),
('13','52','19','2000-11-24 06:53:53','2005-01-10 14:37:53'),
('14','16','28','1981-09-03 06:14:28','1995-10-30 03:24:09'),
('15','63','16','1974-05-23 01:40:27','2017-06-16 20:02:56'),
('16','77','1','1997-08-08 17:06:26','1995-11-27 05:38:16'),
('17','25','10','2014-10-12 00:27:34','1989-06-11 19:32:11'),
('18','30','28','1993-01-31 11:21:04','2013-02-05 09:53:26'),
('19','6','5','1974-10-12 07:50:04','2007-05-08 22:45:02'),
('20','75','17','1978-08-21 03:26:35','1994-11-23 09:50:33'),
('21','68','25','1983-07-07 00:19:32','1986-11-13 09:00:02'),
('22','70','4','2008-07-20 19:58:43','2012-04-20 08:37:36'),
('23','66','3','2010-01-29 23:33:51','1999-05-26 23:11:04'),
('24','59','29','1987-08-10 01:48:48','1977-05-07 12:29:29'),
('25','35','24','1998-12-02 21:19:40','1981-05-24 00:07:40'),
('26','43','29','1999-08-24 12:50:04','1996-07-17 14:22:33'),
('27','53','2','1976-12-04 14:16:14','1991-02-09 01:01:14'),
('28','33','4','1992-10-09 13:46:38','1991-06-20 02:14:45'),
('29','2','20','1991-02-22 22:26:20','2001-10-16 13:37:08'),
('30','40','25','1986-09-06 15:18:04','1985-03-11 16:39:06'),
('31','5','25','1986-12-23 12:40:44','1994-11-15 19:14:01'),
('32','37','27','2014-07-26 20:03:13','2008-09-26 13:10:50'),
('33','72','25','1970-06-18 22:45:31','2014-11-09 23:17:06'),
('34','17','17','1989-03-04 07:46:38','1993-11-03 07:03:05'),
('35','10','30','2007-03-01 10:59:54','2011-03-02 10:40:50'),
('36','47','1','1971-10-10 01:53:18','1978-09-20 00:15:40'),
('37','51','0','2012-12-14 02:21:42','1986-04-15 09:23:20'),
('38','24','24','2007-08-20 19:07:33','2005-01-24 04:23:01'),
('39','4','7','1984-10-22 14:35:42','1974-12-06 11:49:28'),
('40','65','22','1999-03-26 00:27:46','1999-10-12 15:59:05'),
('41','42','13','1986-06-21 03:57:39','1994-06-04 10:30:00'),
('42','39','15','1971-05-25 04:56:49','1989-05-02 05:02:56'),
('43','36','20','2000-11-05 18:28:32','1994-09-16 07:54:27'),
('44','8','1','1994-10-29 11:23:03','1985-01-01 20:01:47'),
('45','41','9','1992-11-02 03:13:52','1986-09-04 00:34:26'),
('46','38','10','2020-07-06 06:54:15','1992-02-21 16:36:40'),
('47','18','10','1993-09-30 22:34:18','1992-01-01 11:11:28'),
('48','55','2','1991-10-14 09:43:45','1971-04-04 06:40:33'),
('49','49','28','2006-10-04 10:48:07','1974-11-17 16:40:12'),
('50','57','25','1978-05-05 13:36:51','1977-10-01 19:23:08'),
('51','78','30','2019-05-17 18:37:27','1995-07-05 22:05:43'),
('52','21','25','2016-05-26 04:06:22','2006-05-06 00:50:15'),
('53','64','0','2001-11-09 04:40:34','2016-08-01 16:43:17'),
('54','54','10','2001-04-25 17:48:26','1979-11-14 20:18:49'),
('55','56','29','2014-07-05 01:49:11','1975-05-09 22:38:09'),
('56','74','3','2006-09-06 09:49:38','1990-11-29 04:44:04'),
('57','60','20','2016-06-20 19:43:27','2017-08-10 22:50:44'),
('58','20','16','1995-05-30 14:21:04','1991-12-27 13:01:30'),
('59','62','27','2012-05-26 13:06:57','1996-03-17 03:46:39'),
('60','13','11','1982-10-06 22:19:36','2017-12-19 17:44:14'),
('61','29','23','1987-12-25 21:35:01','1992-12-02 14:48:14'),
('62','67','20','1980-10-19 07:05:02','2001-11-22 15:40:36'),
('63','23','25','1979-03-09 22:36:40','1987-06-11 02:15:04'),
('64','32','6','2014-10-06 12:50:22','1977-09-09 22:10:22'),
('65','71','2','2020-06-16 00:58:23','1997-02-26 22:20:57'),
('66','26','7','2000-07-03 18:45:05','2008-05-04 09:37:37'),
('67','27','3','1992-06-11 20:34:56','1999-11-24 03:50:59'),
('68','76','12','2007-12-25 18:58:26','2006-06-07 01:31:13'),
('69','45','12','2013-02-08 16:08:05','1980-02-07 13:51:01'),
('70','48','11','2019-01-24 17:15:03','1991-03-02 00:32:36'),
('71','3','8','1986-02-04 11:23:37','2004-12-21 02:04:02'),
('72','11','4','1996-05-22 19:14:59','2014-08-29 07:59:27'),
('73','12','24','1976-11-12 19:50:05','1974-12-29 05:20:49'),
('74','79','7','2002-07-24 07:11:30','1993-09-26 23:09:54'),
('75','73','6','2000-11-01 19:39:50','2003-05-08 13:21:46'),
('76','46','7','1973-10-23 18:29:34','2013-04-14 16:24:01'),
('77','44','20','2004-06-03 17:24:54','1975-01-09 18:12:09'),
('78','34','18','1974-09-24 02:31:48','2000-04-04 13:18:53'),
('79','15','18','2017-05-04 23:03:50','1970-09-04 11:02:26'); 

INSERT INTO `discounts` VALUES 
('1','26','17','11','2020-04-10 00:00:00','2020-08-18 03:35:39','2020-04-10 00:00:00', NOW()),
('2','16','50','7','2019-03-03 00:00:00','2019-09-03 15:47:18','2019-03-03 00:00:00','2019-09-03 15:47:18'),
('3','14','72','9','2019-04-08 00:00:00','2019-06-24 15:52:17','2019-04-08 00:00:00','2019-06-24 15:52:17'),
('4','40','6','14','2018-09-09 00:00:00','2018-10-17 23:30:24','2018-09-09 00:00:00','2018-10-17 23:30:24'),
('5','3','58','5','2018-07-29 00:00:00','2018-11-14 15:02:53','2018-07-29 00:00:00','2018-11-14 15:02:53'),
('6','48','21','5','2018-12-28 00:00:00','2019-05-02 23:39:23','2018-12-28 00:00:00','2019-05-02 23:39:23'),
('7','38','19','6','2019-04-09 00:00:00','2019-12-24 06:29:26','2019-04-09 00:00:00','2019-12-24 06:29:26'),
('8','45','71','14','2020-03-09 00:00:00','2020-11-06 01:49:39','2020-03-09 00:00:00', NOW()),
('9','2','47','14','2019-04-14 00:00:00','2019-11-13 13:22:53','2019-04-14 00:00:00','2019-11-13 13:22:53'),
('10','41','62','12','2018-07-08 00:00:00','2018-10-21 00:22:43','2018-07-08 00:00:00','2018-10-21 00:22:43'),
('11','42','73','8','2018-11-10 00:00:00','2020-08-27 20:46:25','2018-11-10 00:00:00', NOW()),
('12','29','55','12','2018-11-14 00:00:00','2018-12-06 09:21:48','2018-11-14 00:00:00','2018-12-06 09:21:48'),
('13','4','57','8','2019-01-10 00:00:00','2019-03-12 09:12:13','2019-01-10 00:00:00','2019-03-12 09:12:13'),
('14','11','67','13','2018-11-13 00:00:00','2019-08-12 16:44:12','2018-11-13 00:00:00','2019-08-12 16:44:12'),
('15','30','70','5','2018-01-26 00:00:00','2018-12-11 11:57:27','2018-01-26 00:00:00','2018-12-11 11:57:27'),
('16','43','36','12','2019-10-14 00:00:00','2020-07-20 11:21:38','2019-10-14 00:00:00', NOW()),
('17','28','22','12','2019-03-29 00:00:00','2019-05-28 00:31:52','2019-03-29 00:00:00','2019-05-28 00:31:52'),
('18','18','27','12','2018-12-23 00:00:00','2019-08-21 18:06:08','2018-12-23 00:00:00','2019-08-21 18:06:08'),
('19','46','78','12','2019-09-01 00:00:00','2019-09-03 18:37:49','2019-09-01 00:00:00','2019-09-03 18:37:49'),
('20','23','54','12','2019-12-09 00:00:00','2020-02-19 06:34:35','2019-12-09 00:00:00','2020-02-19 06:34:35');


INSERT INTO `order_lines` (`order_id`, `product_id`, `amount`, `created_at`, `updated_at`) VALUES (41, 22, 2, '2019-03-06 19:07:57', '2002-08-31 22:56:39');
INSERT INTO `order_lines` (`order_id`, `product_id`, `amount`, `created_at`, `updated_at`) VALUES (3, 52, 2, '1995-11-28 16:20:07', '2008-06-18 21:07:20');
INSERT INTO `order_lines` (`order_id`, `product_id`, `amount`, `created_at`, `updated_at`) VALUES (17, 48, 2, '1980-06-04 02:15:00', '1974-05-06 14:26:44');
INSERT INTO `order_lines` (`order_id`, `product_id`, `amount`, `created_at`, `updated_at`) VALUES (14, 75, 1, '1990-11-25 00:16:08', '2009-10-18 18:52:54');
INSERT INTO `order_lines` (`order_id`, `product_id`, `amount`, `created_at`, `updated_at`) VALUES (45, 29, 3, '2004-10-19 15:59:10', '1991-10-08 12:22:45');
INSERT INTO `order_lines` (`order_id`, `product_id`, `amount`, `created_at`, `updated_at`) VALUES (18, 63, 3, '2007-10-04 14:06:41', '1991-02-26 03:41:58');
INSERT INTO `order_lines` (`order_id`, `product_id`, `amount`, `created_at`, `updated_at`) VALUES (17, 77, 1, '2019-11-28 23:12:03', '1974-04-27 15:57:46');
INSERT INTO `order_lines` (`order_id`, `product_id`, `amount`, `created_at`, `updated_at`) VALUES (38, 71, 3, '1995-03-21 22:23:59', '2019-04-17 00:11:51');
INSERT INTO `order_lines` (`order_id`, `product_id`, `amount`, `created_at`, `updated_at`) VALUES (22, 49, 2, '1993-09-09 12:22:00', '2011-12-19 16:13:49');
INSERT INTO `order_lines` (`order_id`, `product_id`, `amount`, `created_at`, `updated_at`) VALUES (2, 52, 3, '1978-01-13 08:44:29', '1980-01-20 01:44:02');
INSERT INTO `order_lines` (`order_id`, `product_id`, `amount`, `created_at`, `updated_at`) VALUES (18, 52, 1, '1979-06-16 19:20:37', '1987-03-31 07:26:48');
INSERT INTO `order_lines` (`order_id`, `product_id`, `amount`, `created_at`, `updated_at`) VALUES (22, 42, 1, '1970-04-12 15:25:40', '1971-05-05 12:30:55');
INSERT INTO `order_lines` (`order_id`, `product_id`, `amount`, `created_at`, `updated_at`) VALUES (42, 79, 2, '1976-03-19 23:38:21', '1983-09-06 18:49:51');
INSERT INTO `order_lines` (`order_id`, `product_id`, `amount`, `created_at`, `updated_at`) VALUES (2, 42, 3, '1971-08-15 15:49:57', '1979-07-01 19:07:12');
INSERT INTO `order_lines` (`order_id`, `product_id`, `amount`, `created_at`, `updated_at`) VALUES (20, 75, 3, '1982-09-26 06:33:49', '2009-04-30 15:20:59');
INSERT INTO `order_lines` (`order_id`, `product_id`, `amount`, `created_at`, `updated_at`) VALUES (28, 51, 3, '2005-04-11 21:19:35', '2016-06-02 05:55:03');
INSERT INTO `order_lines` (`order_id`, `product_id`, `amount`, `created_at`, `updated_at`) VALUES (1, 74, 2, '2007-11-11 20:26:11', '1974-05-29 20:45:16');
INSERT INTO `order_lines` (`order_id`, `product_id`, `amount`, `created_at`, `updated_at`) VALUES (6, 79, 1, '1989-04-30 18:15:40', '1996-07-11 12:03:52');
INSERT INTO `order_lines` (`order_id`, `product_id`, `amount`, `created_at`, `updated_at`) VALUES (10, 49, 1, '1978-08-22 20:52:27', '2012-10-26 15:35:43');
INSERT INTO `order_lines` (`order_id`, `product_id`, `amount`, `created_at`, `updated_at`) VALUES (46, 67, 2, '1976-12-15 21:49:09', '2018-09-15 20:57:17');
INSERT INTO `order_lines` (`order_id`, `product_id`, `amount`, `created_at`, `updated_at`) VALUES (50, 13, 2, '1976-11-20 02:00:11', '2010-03-01 13:31:02');
INSERT INTO `order_lines` (`order_id`, `product_id`, `amount`, `created_at`, `updated_at`) VALUES (47, 42, 2, '1987-06-14 16:03:39', '2018-11-07 16:39:55');
INSERT INTO `order_lines` (`order_id`, `product_id`, `amount`, `created_at`, `updated_at`) VALUES (31, 65, 1, '1986-04-12 01:37:08', '2003-09-18 00:14:19');
INSERT INTO `order_lines` (`order_id`, `product_id`, `amount`, `created_at`, `updated_at`) VALUES (14, 70, 1, '2006-09-22 21:54:36', '1985-10-10 06:47:52');
INSERT INTO `order_lines` (`order_id`, `product_id`, `amount`, `created_at`, `updated_at`) VALUES (28, 61, 3, '1998-09-05 17:24:42', '1993-08-10 18:33:27');
INSERT INTO `order_lines` (`order_id`, `product_id`, `amount`, `created_at`, `updated_at`) VALUES (14, 6, 2, '2006-09-01 15:29:19', '1976-08-30 04:10:57');
INSERT INTO `order_lines` (`order_id`, `product_id`, `amount`, `created_at`, `updated_at`) VALUES (50, 39, 1, '1974-10-16 14:44:50', '2006-11-19 17:10:10');
INSERT INTO `order_lines` (`order_id`, `product_id`, `amount`, `created_at`, `updated_at`) VALUES (26, 28, 2, '1994-06-17 11:48:26', '1999-12-05 17:27:28');
INSERT INTO `order_lines` (`order_id`, `product_id`, `amount`, `created_at`, `updated_at`) VALUES (5, 68, 3, '1993-04-21 22:11:08', '1996-06-08 22:50:31');
INSERT INTO `order_lines` (`order_id`, `product_id`, `amount`, `created_at`, `updated_at`) VALUES (14, 57, 2, '2019-05-25 01:48:48', '1999-12-20 13:18:49');
INSERT INTO `order_lines` (`order_id`, `product_id`, `amount`, `created_at`, `updated_at`) VALUES (25, 38, 3, '2008-12-22 12:36:25', '1972-05-15 22:03:27');
INSERT INTO `order_lines` (`order_id`, `product_id`, `amount`, `created_at`, `updated_at`) VALUES (35, 10, 3, '2017-12-19 23:57:52', '2018-06-04 13:29:10');
INSERT INTO `order_lines` (`order_id`, `product_id`, `amount`, `created_at`, `updated_at`) VALUES (21, 29, 3, '2017-09-16 15:15:25', '1976-01-02 04:08:11');
INSERT INTO `order_lines` (`order_id`, `product_id`, `amount`, `created_at`, `updated_at`) VALUES (30, 6, 3, '2004-03-08 02:13:52', '1971-10-31 03:18:05');
INSERT INTO `order_lines` (`order_id`, `product_id`, `amount`, `created_at`, `updated_at`) VALUES (48, 5, 2, '1992-11-02 05:27:50', '2020-03-10 08:54:38');
INSERT INTO `order_lines` (`order_id`, `product_id`, `amount`, `created_at`, `updated_at`) VALUES (11, 58, 1, '1995-06-08 16:15:00', '1983-11-13 01:31:22');
INSERT INTO `order_lines` (`order_id`, `product_id`, `amount`, `created_at`, `updated_at`) VALUES (50, 68, 3, '1971-12-23 11:37:56', '1997-10-22 15:00:31');
INSERT INTO `order_lines` (`order_id`, `product_id`, `amount`, `created_at`, `updated_at`) VALUES (38, 2, 2, '1993-03-13 15:09:57', '1990-05-28 17:33:41');
INSERT INTO `order_lines` (`order_id`, `product_id`, `amount`, `created_at`, `updated_at`) VALUES (14, 49, 2, '1990-09-07 14:33:04', '2016-06-18 18:23:17');
INSERT INTO `order_lines` (`order_id`, `product_id`, `amount`, `created_at`, `updated_at`) VALUES (2, 38, 2, '2013-03-30 16:26:52', '2012-03-20 04:53:20');
INSERT INTO `order_lines` (`order_id`, `product_id`, `amount`, `created_at`, `updated_at`) VALUES (9, 54, 1, '1977-07-28 22:43:52', '2016-12-06 08:23:44');
INSERT INTO `order_lines` (`order_id`, `product_id`, `amount`, `created_at`, `updated_at`) VALUES (12, 22, 2, '2005-09-09 09:50:34', '2013-05-04 03:24:48');
INSERT INTO `order_lines` (`order_id`, `product_id`, `amount`, `created_at`, `updated_at`) VALUES (6, 79, 1, '2003-08-08 17:32:48', '2012-01-10 09:45:44');
INSERT INTO `order_lines` (`order_id`, `product_id`, `amount`, `created_at`, `updated_at`) VALUES (18, 53, 2, '1970-07-30 10:59:35', '1993-07-27 11:02:16');
INSERT INTO `order_lines` (`order_id`, `product_id`, `amount`, `created_at`, `updated_at`) VALUES (40, 63, 2, '1975-06-04 01:25:18', '1978-02-19 10:22:00');
INSERT INTO `order_lines` (`order_id`, `product_id`, `amount`, `created_at`, `updated_at`) VALUES (28, 75, 2, '1993-06-23 15:14:16', '2018-10-28 11:44:58');
INSERT INTO `order_lines` (`order_id`, `product_id`, `amount`, `created_at`, `updated_at`) VALUES (28, 25, 3, '2001-11-26 04:14:47', '1994-04-03 16:07:48');
INSERT INTO `order_lines` (`order_id`, `product_id`, `amount`, `created_at`, `updated_at`) VALUES (44, 58, 2, '1980-08-30 10:33:10', '2018-05-31 19:05:03');
INSERT INTO `order_lines` (`order_id`, `product_id`, `amount`, `created_at`, `updated_at`) VALUES (27, 74, 2, '1972-09-08 10:23:15', '1977-03-26 02:37:51');
INSERT INTO `order_lines` (`order_id`, `product_id`, `amount`, `created_at`, `updated_at`) VALUES (18, 74, 1, '1987-07-02 07:46:26', '1981-02-20 11:34:26');
INSERT INTO `order_lines` (`order_id`, `product_id`, `amount`, `created_at`, `updated_at`) VALUES (37, 46, 2, '2003-11-29 13:53:52', '1994-08-26 04:54:03');
INSERT INTO `order_lines` (`order_id`, `product_id`, `amount`, `created_at`, `updated_at`) VALUES (41, 8, 3, '1994-05-24 01:09:14', '1979-12-18 06:00:54');
INSERT INTO `order_lines` (`order_id`, `product_id`, `amount`, `created_at`, `updated_at`) VALUES (22, 37, 1, '2006-06-28 16:25:13', '2000-05-22 13:09:47');
INSERT INTO `order_lines` (`order_id`, `product_id`, `amount`, `created_at`, `updated_at`) VALUES (11, 31, 3, '1978-09-13 00:14:54', '1995-09-02 21:13:32');
INSERT INTO `order_lines` (`order_id`, `product_id`, `amount`, `created_at`, `updated_at`) VALUES (3, 78, 1, '1971-05-19 05:17:55', '2008-08-12 06:58:15');
INSERT INTO `order_lines` (`order_id`, `product_id`, `amount`, `created_at`, `updated_at`) VALUES (16, 18, 3, '2016-07-24 22:21:15', '1972-11-08 05:23:40');
INSERT INTO `order_lines` (`order_id`, `product_id`, `amount`, `created_at`, `updated_at`) VALUES (32, 37, 1, '2003-10-06 14:40:23', '1987-10-27 02:22:34');
INSERT INTO `order_lines` (`order_id`, `product_id`, `amount`, `created_at`, `updated_at`) VALUES (27, 37, 3, '2020-03-15 11:10:20', '1972-05-03 20:24:17');
INSERT INTO `order_lines` (`order_id`, `product_id`, `amount`, `created_at`, `updated_at`) VALUES (49, 45, 2, '1972-05-17 00:39:22', '1976-06-26 06:00:28');
INSERT INTO `order_lines` (`order_id`, `product_id`, `amount`, `created_at`, `updated_at`) VALUES (2, 25, 1, '1979-07-17 07:57:50', '1988-12-08 13:17:43');
INSERT INTO `order_lines` (`order_id`, `product_id`, `amount`, `created_at`, `updated_at`) VALUES (23, 14, 2, '1980-12-29 21:06:57', '2002-04-22 00:02:44');
INSERT INTO `order_lines` (`order_id`, `product_id`, `amount`, `created_at`, `updated_at`) VALUES (18, 3, 1, '1992-01-21 08:24:44', '2006-03-22 08:36:57');
INSERT INTO `order_lines` (`order_id`, `product_id`, `amount`, `created_at`, `updated_at`) VALUES (43, 35, 1, '2004-11-20 20:06:00', '2006-02-21 16:23:34');
INSERT INTO `order_lines` (`order_id`, `product_id`, `amount`, `created_at`, `updated_at`) VALUES (4, 43, 3, '2013-09-19 12:02:53', '2004-04-12 15:08:43');
INSERT INTO `order_lines` (`order_id`, `product_id`, `amount`, `created_at`, `updated_at`) VALUES (18, 9, 1, '1980-03-18 09:43:37', '1972-06-05 14:07:22');
INSERT INTO `order_lines` (`order_id`, `product_id`, `amount`, `created_at`, `updated_at`) VALUES (30, 39, 2, '2016-07-20 13:32:46', '1972-12-18 18:36:07');
INSERT INTO `order_lines` (`order_id`, `product_id`, `amount`, `created_at`, `updated_at`) VALUES (20, 22, 2, '2019-02-25 09:06:05', '1977-09-07 13:27:15');
INSERT INTO `order_lines` (`order_id`, `product_id`, `amount`, `created_at`, `updated_at`) VALUES (9, 77, 2, '1987-12-15 03:49:52', '1987-09-14 18:18:24');
INSERT INTO `order_lines` (`order_id`, `product_id`, `amount`, `created_at`, `updated_at`) VALUES (7, 41, 2, '1983-10-26 21:54:31', '1974-08-07 01:47:29');
INSERT INTO `order_lines` (`order_id`, `product_id`, `amount`, `created_at`, `updated_at`) VALUES (47, 70, 3, '2000-05-06 20:05:15', '2007-02-08 14:27:48');
INSERT INTO `order_lines` (`order_id`, `product_id`, `amount`, `created_at`, `updated_at`) VALUES (27, 35, 1, '1984-11-13 06:17:10', '1999-03-14 19:07:15');
INSERT INTO `order_lines` (`order_id`, `product_id`, `amount`, `created_at`, `updated_at`) VALUES (45, 15, 2, '2017-12-04 12:52:23', '2014-01-21 23:51:30');
INSERT INTO `order_lines` (`order_id`, `product_id`, `amount`, `created_at`, `updated_at`) VALUES (13, 13, 3, '2020-02-16 16:08:00', '2003-07-13 05:05:39');
INSERT INTO `order_lines` (`order_id`, `product_id`, `amount`, `created_at`, `updated_at`) VALUES (20, 35, 3, '1988-10-08 02:15:31', '2005-07-20 20:26:25');
INSERT INTO `order_lines` (`order_id`, `product_id`, `amount`, `created_at`, `updated_at`) VALUES (43, 68, 1, '1992-03-13 09:11:41', '1973-07-19 08:34:30');
INSERT INTO `order_lines` (`order_id`, `product_id`, `amount`, `created_at`, `updated_at`) VALUES (13, 76, 1, '1974-12-04 19:35:18', '2010-09-13 09:03:07');
INSERT INTO `order_lines` (`order_id`, `product_id`, `amount`, `created_at`, `updated_at`) VALUES (18, 30, 2, '2014-06-30 04:51:18', '2002-05-28 16:42:38');
INSERT INTO `order_lines` (`order_id`, `product_id`, `amount`, `created_at`, `updated_at`) VALUES (36, 14, 1, '2008-07-13 00:28:55', '2002-05-10 04:59:23');
INSERT INTO `order_lines` (`order_id`, `product_id`, `amount`, `created_at`, `updated_at`) VALUES (37, 54, 2, '2003-11-03 05:33:23', '2005-11-09 14:22:32');
INSERT INTO `order_lines` (`order_id`, `product_id`, `amount`, `created_at`, `updated_at`) VALUES (19, 25, 2, '1990-05-06 17:17:25', '1986-08-07 17:56:24');
INSERT INTO `order_lines` (`order_id`, `product_id`, `amount`, `created_at`, `updated_at`) VALUES (8, 8, 3, '2019-06-08 20:33:22', '1981-03-11 16:25:20');
INSERT INTO `order_lines` (`order_id`, `product_id`, `amount`, `created_at`, `updated_at`) VALUES (18, 21, 1, '2000-03-13 02:02:47', '2015-08-19 22:09:22');
INSERT INTO `order_lines` (`order_id`, `product_id`, `amount`, `created_at`, `updated_at`) VALUES (47, 32, 3, '2014-08-05 18:13:23', '1982-07-10 19:29:10');
INSERT INTO `order_lines` (`order_id`, `product_id`, `amount`, `created_at`, `updated_at`) VALUES (38, 44, 3, '2005-09-09 23:51:14', '1996-08-02 04:57:54');
INSERT INTO `order_lines` (`order_id`, `product_id`, `amount`, `created_at`, `updated_at`) VALUES (2, 52, 1, '2012-12-18 07:32:46', '1983-10-21 21:29:58');
INSERT INTO `order_lines` (`order_id`, `product_id`, `amount`, `created_at`, `updated_at`) VALUES (14, 31, 3, '1983-08-25 07:35:41', '1991-11-09 01:16:27');
INSERT INTO `order_lines` (`order_id`, `product_id`, `amount`, `created_at`, `updated_at`) VALUES (42, 61, 2, '2004-02-14 13:22:18', '2014-11-17 21:08:14');
INSERT INTO `order_lines` (`order_id`, `product_id`, `amount`, `created_at`, `updated_at`) VALUES (4, 9, 2, '2009-04-03 13:40:49', '2008-08-06 04:04:33');
INSERT INTO `order_lines` (`order_id`, `product_id`, `amount`, `created_at`, `updated_at`) VALUES (35, 67, 1, '2005-11-12 07:44:19', '2001-12-19 06:45:31');
INSERT INTO `order_lines` (`order_id`, `product_id`, `amount`, `created_at`, `updated_at`) VALUES (15, 27, 1, '2009-02-24 11:39:01', '1991-06-12 00:09:42');
INSERT INTO `order_lines` (`order_id`, `product_id`, `amount`, `created_at`, `updated_at`) VALUES (5, 34, 2, '1992-04-16 19:31:27', '2003-04-11 03:05:29');
INSERT INTO `order_lines` (`order_id`, `product_id`, `amount`, `created_at`, `updated_at`) VALUES (47, 2, 1, '1974-10-30 10:12:18', '1987-11-11 17:12:12');
INSERT INTO `order_lines` (`order_id`, `product_id`, `amount`, `created_at`, `updated_at`) VALUES (28, 30, 3, '1991-11-30 01:58:43', '1997-03-09 06:57:21');
INSERT INTO `order_lines` (`order_id`, `product_id`, `amount`, `created_at`, `updated_at`) VALUES (24, 68, 3, '1982-08-15 16:24:24', '1988-08-17 20:01:17');
INSERT INTO `order_lines` (`order_id`, `product_id`, `amount`, `created_at`, `updated_at`) VALUES (19, 45, 3, '1995-11-18 16:39:02', '2020-01-21 09:03:15');
INSERT INTO `order_lines` (`order_id`, `product_id`, `amount`, `created_at`, `updated_at`) VALUES (22, 38, 3, '2015-08-06 10:28:00', '1973-06-13 19:55:31');
INSERT INTO `order_lines` (`order_id`, `product_id`, `amount`, `created_at`, `updated_at`) VALUES (4, 27, 3, '1983-12-02 10:52:14', '2006-03-25 02:22:57');
INSERT INTO `order_lines` (`order_id`, `product_id`, `amount`, `created_at`, `updated_at`) VALUES (30, 66, 3, '2004-01-11 13:03:06', '1984-06-13 12:56:50');
INSERT INTO `order_lines` (`order_id`, `product_id`, `amount`, `created_at`, `updated_at`) VALUES (26, 36, 3, '1999-11-27 07:34:49', '1992-01-24 21:22:14');
INSERT INTO `order_lines` (`order_id`, `product_id`, `amount`, `created_at`, `updated_at`) VALUES (49, 68, 1, '2011-03-16 18:54:11', '2010-03-26 08:35:36');
INSERT INTO `order_lines` (`order_id`, `product_id`, `amount`, `created_at`, `updated_at`) VALUES (29, 50, 1, '2011-03-16 18:54:11', '2010-03-26 08:35:36');
INSERT INTO `order_lines` (`order_id`, `product_id`, `amount`, `created_at`, `updated_at`) VALUES (33, 7, 1, '2011-03-16 18:54:11', '2010-03-26 08:35:36');
INSERT INTO `order_lines` (`order_id`, `product_id`, `amount`, `created_at`, `updated_at`) VALUES (39, 15, 2, '2011-03-16 18:54:11', '2010-03-26 08:35:36');
INSERT INTO `order_lines` (`order_id`, `product_id`, `amount`, `created_at`, `updated_at`) VALUES (39, 61, 1, '2011-03-16 18:54:11', '2010-03-26 08:35:36');
INSERT INTO `order_lines` (`order_id`, `product_id`, `amount`, `created_at`, `updated_at`) VALUES (34, 17, 3, '2011-03-16 18:54:11', '2010-03-26 08:35:36');


INSERT INTO `orders` (`id`, `client_id`, `seller_id`, `total_price`, `created_at`, `updated_at`) VALUES (1, 36, 8, '0.73', '1973-07-25 05:31:19', '2007-09-27 13:35:24');
INSERT INTO `orders` (`id`, `client_id`, `seller_id`, `total_price`, `created_at`, `updated_at`) VALUES (2, 32, 9, '39187.00', '1983-09-14 01:07:54', '2007-01-10 14:51:40');
INSERT INTO `orders` (`id`, `client_id`, `seller_id`, `total_price`, `created_at`, `updated_at`) VALUES (3, 48, 2, '1767.00', '1970-04-11 00:49:40', '1972-03-27 13:42:54');
INSERT INTO `orders` (`id`, `client_id`, `seller_id`, `total_price`, `created_at`, `updated_at`) VALUES (4, 6, 2, '2709.08', '1980-06-03 23:28:17', '1975-02-02 15:57:15');
INSERT INTO `orders` (`id`, `client_id`, `seller_id`, `total_price`, `created_at`, `updated_at`) VALUES (5, 41, 10, '7891044.51', '2007-11-23 04:36:32', '1972-03-10 19:53:52');
INSERT INTO `orders` (`id`, `client_id`, `seller_id`, `total_price`, `created_at`, `updated_at`) VALUES (6, 5, 8, '63981420.03', '1970-10-22 08:13:59', '2011-10-19 15:37:39');
INSERT INTO `orders` (`id`, `client_id`, `seller_id`, `total_price`, `created_at`, `updated_at`) VALUES (7, 26, 1, '17667.25', '1985-02-17 08:43:11', '1999-07-22 02:57:09');
INSERT INTO `orders` (`id`, `client_id`, `seller_id`, `total_price`, `created_at`, `updated_at`) VALUES (8, 30, 7, '7.74', '2020-03-05 07:36:37', '1985-08-31 16:46:12');
INSERT INTO `orders` (`id`, `client_id`, `seller_id`, `total_price`, `created_at`, `updated_at`) VALUES (9, 19, 10, '242237.30', '1972-07-17 06:58:21', '1984-09-16 18:04:00');
INSERT INTO `orders` (`id`, `client_id`, `seller_id`, `total_price`, `created_at`, `updated_at`) VALUES (10, 16, 8, '583659.78', '2001-08-21 22:52:39', '1993-04-27 23:06:07');
INSERT INTO `orders` (`id`, `client_id`, `seller_id`, `total_price`, `created_at`, `updated_at`) VALUES (11, 35, 4, '69.30', '1985-12-07 10:39:56', '1995-07-28 00:28:22');
INSERT INTO `orders` (`id`, `client_id`, `seller_id`, `total_price`, `created_at`, `updated_at`) VALUES (12, 17, 9, '20600954.70', '2008-11-24 19:16:17', '1995-04-06 18:09:38');
INSERT INTO `orders` (`id`, `client_id`, `seller_id`, `total_price`, `created_at`, `updated_at`) VALUES (13, 11, 1, '31.01', '2011-10-28 10:24:25', '1974-04-04 03:23:55');
INSERT INTO `orders` (`id`, `client_id`, `seller_id`, `total_price`, `created_at`, `updated_at`) VALUES (14, 10, 3, '4083.85', '1993-05-01 15:54:15', '2012-08-28 06:47:37');
INSERT INTO `orders` (`id`, `client_id`, `seller_id`, `total_price`, `created_at`, `updated_at`) VALUES (15, 1, 7, '28555.11', '1990-05-28 06:50:08', '1975-02-14 07:03:09');
INSERT INTO `orders` (`id`, `client_id`, `seller_id`, `total_price`, `created_at`, `updated_at`) VALUES (16, 2, 5, '23.44', '1991-11-23 17:17:38', '1991-01-31 04:54:12');
INSERT INTO `orders` (`id`, `client_id`, `seller_id`, `total_price`, `created_at`, `updated_at`) VALUES (17, 15, 10, '11583301.35', '1974-06-18 18:23:02', '1999-11-02 11:30:57');
INSERT INTO `orders` (`id`, `client_id`, `seller_id`, `total_price`, `created_at`, `updated_at`) VALUES (18, 34, 1, '0.14', '1982-03-17 12:36:03', '1994-09-25 21:04:49');
INSERT INTO `orders` (`id`, `client_id`, `seller_id`, `total_price`, `created_at`, `updated_at`) VALUES (19, 44, 2, '1.74', '1975-11-01 12:40:45', '2004-05-03 02:53:03');
INSERT INTO `orders` (`id`, `client_id`, `seller_id`, `total_price`, `created_at`, `updated_at`) VALUES (20, 9, 2, '66723.00', '2006-12-06 21:45:06', '1999-05-14 18:31:47');
INSERT INTO `orders` (`id`, `client_id`, `seller_id`, `total_price`, `created_at`, `updated_at`) VALUES (21, 7, 8, '299293919.60', '1993-05-06 10:33:40', '1973-10-20 02:00:59');
INSERT INTO `orders` (`id`, `client_id`, `seller_id`, `total_price`, `created_at`, `updated_at`) VALUES (22, 28, 4, '74885.27', '1995-04-11 11:12:40', '2006-10-24 22:09:04');
INSERT INTO `orders` (`id`, `client_id`, `seller_id`, `total_price`, `created_at`, `updated_at`) VALUES (23, 49, 1, '184378630.30', '1986-07-20 00:49:33', '2017-10-18 17:05:39');
INSERT INTO `orders` (`id`, `client_id`, `seller_id`, `total_price`, `created_at`, `updated_at`) VALUES (24, 14, 4, '1.95', '1994-07-27 09:46:48', '2001-03-06 15:40:28');
INSERT INTO `orders` (`id`, `client_id`, `seller_id`, `total_price`, `created_at`, `updated_at`) VALUES (25, 39, 7, '766945.69', '1990-01-23 11:45:22', '1976-12-02 03:56:56');
INSERT INTO `orders` (`id`, `client_id`, `seller_id`, `total_price`, `created_at`, `updated_at`) VALUES (26, 46, 1, '11958.36', '2010-10-06 02:33:01', '1974-07-10 20:04:37');
INSERT INTO `orders` (`id`, `client_id`, `seller_id`, `total_price`, `created_at`, `updated_at`) VALUES (27, 22, 9, '952.95', '1982-01-01 02:06:05', '1996-06-15 17:12:12');
INSERT INTO `orders` (`id`, `client_id`, `seller_id`, `total_price`, `created_at`, `updated_at`) VALUES (28, 50, 8, '6.57', '1996-04-18 02:46:44', '2017-09-18 19:45:56');
INSERT INTO `orders` (`id`, `client_id`, `seller_id`, `total_price`, `created_at`, `updated_at`) VALUES (29, 13, 2, '0.00', '1998-04-13 21:03:00', '2002-08-15 04:29:31');
INSERT INTO `orders` (`id`, `client_id`, `seller_id`, `total_price`, `created_at`, `updated_at`) VALUES (30, 4, 1, '68.94', '2018-10-31 02:10:19', '2007-09-17 15:56:28');
INSERT INTO `orders` (`id`, `client_id`, `seller_id`, `total_price`, `created_at`, `updated_at`) VALUES (31, 8, 8, '16760.66', '1992-12-12 15:24:49', '1974-11-20 20:30:58');
INSERT INTO `orders` (`id`, `client_id`, `seller_id`, `total_price`, `created_at`, `updated_at`) VALUES (32, 20, 8, '22740.96', '1985-03-24 19:57:25', '1999-05-27 22:42:25');
INSERT INTO `orders` (`id`, `client_id`, `seller_id`, `total_price`, `created_at`, `updated_at`) VALUES (33, 25, 10, '0.37', '1976-04-19 11:54:47', '1976-01-01 22:42:37');
INSERT INTO `orders` (`id`, `client_id`, `seller_id`, `total_price`, `created_at`, `updated_at`) VALUES (34, 47, 2, '838060.00', '1970-08-09 00:25:14', '1972-06-28 15:30:53');
INSERT INTO `orders` (`id`, `client_id`, `seller_id`, `total_price`, `created_at`, `updated_at`) VALUES (35, 31, 3, '272788732.50', '2009-01-21 08:22:41', '2010-04-02 15:29:59');
INSERT INTO `orders` (`id`, `client_id`, `seller_id`, `total_price`, `created_at`, `updated_at`) VALUES (36, 29, 7, '16257454.14', '2015-08-30 05:14:33', '1985-08-15 07:44:53');
INSERT INTO `orders` (`id`, `client_id`, `seller_id`, `total_price`, `created_at`, `updated_at`) VALUES (37, 37, 7, '46.00', '1988-11-05 12:35:56', '1980-11-06 22:31:03');
INSERT INTO `orders` (`id`, `client_id`, `seller_id`, `total_price`, `created_at`, `updated_at`) VALUES (38, 24, 2, '1873069.81', '1986-06-12 02:56:05', '2004-09-18 08:47:43');
INSERT INTO `orders` (`id`, `client_id`, `seller_id`, `total_price`, `created_at`, `updated_at`) VALUES (39, 27, 6, '4193.39', '2003-08-09 16:38:51', '1986-07-21 14:37:57');
INSERT INTO `orders` (`id`, `client_id`, `seller_id`, `total_price`, `created_at`, `updated_at`) VALUES (40, 38, 8, '368.08', '1991-07-22 20:19:08', '1986-02-06 22:39:39');
INSERT INTO `orders` (`id`, `client_id`, `seller_id`, `total_price`, `created_at`, `updated_at`) VALUES (41, 3, 6, '101507.87', '2014-03-19 20:50:32', '1996-01-18 03:57:02');
INSERT INTO `orders` (`id`, `client_id`, `seller_id`, `total_price`, `created_at`, `updated_at`) VALUES (42, 42, 7, '439.77', '2008-05-28 10:59:41', '1972-01-02 06:39:16');
INSERT INTO `orders` (`id`, `client_id`, `seller_id`, `total_price`, `created_at`, `updated_at`) VALUES (43, 21, 3, '8564363.30', '1977-09-12 23:08:09', '2005-09-14 11:34:35');
INSERT INTO `orders` (`id`, `client_id`, `seller_id`, `total_price`, `created_at`, `updated_at`) VALUES (44, 23, 9, '5121.29', '2015-11-12 01:20:27', '1991-07-24 20:04:18');
INSERT INTO `orders` (`id`, `client_id`, `seller_id`, `total_price`, `created_at`, `updated_at`) VALUES (45, 40, 1, '302555.87', '2007-01-04 06:53:44', '2011-09-18 14:36:28');
INSERT INTO `orders` (`id`, `client_id`, `seller_id`, `total_price`, `created_at`, `updated_at`) VALUES (46, 12, 1, '10313040.44', '1989-10-17 01:34:46', '1983-11-08 22:53:35');
INSERT INTO `orders` (`id`, `client_id`, `seller_id`, `total_price`, `created_at`, `updated_at`) VALUES (47, 33, 10, '407.53', '1980-01-22 18:28:14', '2007-02-22 05:28:37');
INSERT INTO `orders` (`id`, `client_id`, `seller_id`, `total_price`, `created_at`, `updated_at`) VALUES (48, 18, 3, '30.22', '1994-04-10 05:57:46', '2007-04-01 09:46:05');
INSERT INTO `orders` (`id`, `client_id`, `seller_id`, `total_price`, `created_at`, `updated_at`) VALUES (49, 43, 6, '5680932.68', '2015-07-24 04:47:36', '1987-03-14 19:39:41');
INSERT INTO `orders` (`id`, `client_id`, `seller_id`, `total_price`, `created_at`, `updated_at`) VALUES (50, 45, 1, '57.90', '1983-09-16 19:08:17', '2004-01-23 04:06:46');

CREATE TEMPORARY TABLE temp_total_price (
order_id INT UNSIGNED NOT NULL,
total DECIMAL(11, 2) UNSIGNED NOT NULL
);

INSERT INTO temp_total_price (order_id, total) 
SELECT ol.order_id, SUM(price * ol.amount)
FROM clients c INNER JOIN orders o ON c.id = o.client_id 
INNER JOIN order_lines ol ON ol.order_id = o.id
INNER JOIN products p ON ol.product_id = p.id
LEFT JOIN discounts d ON d.product_id = p.id AND c.id = d.client_id
GROUP BY ol.order_id
ORDER BY ol.order_id;

UPDATE orders SET total_price = (SELECT total FROM temp_total_price AS ttp WHERE orders.id = ttp.order_id);

UPDATE storehouse_products SET created_at = IF(created_at > updated_at, updated_at, created_at);


UPDATE order_lines SET created_at = '1974-05-29 20:45:16' , updated_at ='1974-05-29 20:45:16' WHERE order_id = 1;
UPDATE order_lines SET created_at = '1978-01-13 08:44:29' , updated_at ='1980-01-20 01:44:02' WHERE order_id = 2;
UPDATE order_lines SET created_at = '1995-11-28 16:20:07' , updated_at ='2008-06-18 21:07:20' WHERE order_id = 3;
UPDATE order_lines SET created_at = '2004-04-12 15:08:43' , updated_at ='2004-04-12 15:08:43' WHERE order_id = 4;
UPDATE order_lines SET created_at = '1993-04-21 22:11:08' , updated_at ='1996-06-08 22:50:31' WHERE order_id = 5;
UPDATE order_lines SET created_at = '1989-04-30 18:15:40' , updated_at ='1996-07-11 12:03:52' WHERE order_id = 6;
UPDATE order_lines SET created_at = '1974-08-07 01:47:29' , updated_at ='1974-08-07 01:47:29' WHERE order_id = 7;
UPDATE order_lines SET created_at = '1981-03-11 16:25:20' , updated_at ='1981-03-11 16:25:20' WHERE order_id = 8;
UPDATE order_lines SET created_at = '1977-07-28 22:43:52' , updated_at ='2016-12-06 08:23:44' WHERE order_id = 9;
UPDATE order_lines SET created_at = '1978-08-22 20:52:27' , updated_at ='2012-10-26 15:35:43' WHERE order_id = 10;
UPDATE order_lines SET created_at = '1983-11-13 01:31:22' , updated_at ='1983-11-13 01:31:22' WHERE order_id = 11;
UPDATE order_lines SET created_at = '2005-09-09 09:50:34' , updated_at ='2013-05-04 03:24:48' WHERE order_id = 12;
UPDATE order_lines SET created_at = '2003-07-13 05:05:39' , updated_at ='2003-07-13 05:05:39' WHERE order_id = 13;
UPDATE order_lines SET created_at = '1990-11-25 00:16:08' , updated_at ='2009-10-18 18:52:54' WHERE order_id = 14;
UPDATE order_lines SET created_at = '1991-06-12 00:09:42' , updated_at ='1991-06-12 00:09:42' WHERE order_id = 15;
UPDATE order_lines SET created_at = '1972-11-08 05:23:40' , updated_at ='1972-11-08 05:23:40' WHERE order_id = 16;
UPDATE order_lines SET created_at = '1974-05-06 14:26:44' , updated_at ='1974-05-06 14:26:44' WHERE order_id = 17;
UPDATE order_lines SET created_at = '1991-02-26 03:41:58' , updated_at ='1991-02-26 03:41:58' WHERE order_id = 18;
UPDATE order_lines SET created_at = '1986-08-07 17:56:24' , updated_at ='1986-08-07 17:56:24' WHERE order_id = 19;
UPDATE order_lines SET created_at = '1982-09-26 06:33:49' , updated_at ='2009-04-30 15:20:59' WHERE order_id = 20;
UPDATE order_lines SET created_at = '1976-01-02 04:08:11' , updated_at ='1976-01-02 04:08:11' WHERE order_id = 21;
UPDATE order_lines SET created_at = '1993-09-09 12:22:00' , updated_at ='2011-12-19 16:13:49' WHERE order_id = 22;
UPDATE order_lines SET created_at = '1980-12-29 21:06:57' , updated_at ='2002-04-22 00:02:44' WHERE order_id = 23;
UPDATE order_lines SET created_at = '1982-08-15 16:24:24' , updated_at ='1988-08-17 20:01:17' WHERE order_id = 24;
UPDATE order_lines SET created_at = '1972-05-15 22:03:27' , updated_at ='1972-05-15 22:03:27' WHERE order_id = 25;
UPDATE order_lines SET created_at = '1994-06-17 11:48:26' , updated_at ='1999-12-05 17:27:28' WHERE order_id = 26;
UPDATE order_lines SET created_at = '1972-09-08 10:23:15' , updated_at ='1977-03-26 02:37:51' WHERE order_id = 27;
UPDATE order_lines SET created_at = '2005-04-11 21:19:35' , updated_at ='2016-06-02 05:55:03' WHERE order_id = 28;
UPDATE order_lines SET created_at = '2010-03-26 08:35:36' , updated_at ='2010-03-26 08:35:36' WHERE order_id = 29;
UPDATE order_lines SET created_at = '1971-10-31 03:18:05' , updated_at ='1971-10-31 03:18:05' WHERE order_id = 30;
UPDATE order_lines SET created_at = '1986-04-12 01:37:08' , updated_at ='2003-09-18 00:14:19' WHERE order_id = 31;
UPDATE order_lines SET created_at = '1987-10-27 02:22:34' , updated_at ='1987-10-27 02:22:34' WHERE order_id = 32;
UPDATE order_lines SET created_at = '2010-03-26 08:35:36' , updated_at ='2010-03-26 08:35:36' WHERE order_id = 33;
UPDATE order_lines SET created_at = '2010-03-26 08:35:36' , updated_at ='2010-03-26 08:35:36' WHERE order_id = 34;
UPDATE order_lines SET created_at = '2017-12-19 23:57:52' , updated_at ='2018-06-04 13:29:10' WHERE order_id = 35;
UPDATE order_lines SET created_at = '2002-05-10 04:59:23' , updated_at ='2002-05-10 04:59:23' WHERE order_id = 36;
UPDATE order_lines SET created_at = '1994-08-26 04:54:03' , updated_at ='1994-08-26 04:54:03' WHERE order_id = 37;
UPDATE order_lines SET created_at = '1995-03-21 22:23:59' , updated_at ='2019-04-17 00:11:51' WHERE order_id = 38;
UPDATE order_lines SET created_at = '2010-03-26 08:35:36' , updated_at ='2010-03-26 08:35:36' WHERE order_id = 39;
UPDATE order_lines SET created_at = '1975-06-04 01:25:18' , updated_at ='1978-02-19 10:22:00' WHERE order_id = 40;
UPDATE order_lines SET created_at = '2002-08-31 22:56:39' , updated_at ='2002-08-31 22:56:39' WHERE order_id = 41;
UPDATE order_lines SET created_at = '1976-03-19 23:38:21' , updated_at ='1983-09-06 18:49:51' WHERE order_id = 42;
UPDATE order_lines SET created_at = '2004-11-20 20:06:00' , updated_at ='2006-02-21 16:23:34' WHERE order_id = 43;
UPDATE order_lines SET created_at = '1980-08-30 10:33:10' , updated_at ='2018-05-31 19:05:03' WHERE order_id = 44;
UPDATE order_lines SET created_at = '2014-01-21 23:51:30' , updated_at ='2014-01-21 23:51:30' WHERE order_id = 45;
UPDATE order_lines SET created_at = '1976-12-15 21:49:09' , updated_at ='2018-09-15 20:57:17' WHERE order_id = 46;
UPDATE order_lines SET created_at = '1987-06-14 16:03:39' , updated_at ='2018-11-07 16:39:55' WHERE order_id = 47;
UPDATE order_lines SET created_at = '1992-11-02 05:27:50' , updated_at ='2020-03-10 08:54:38' WHERE order_id = 48;
UPDATE order_lines SET created_at = '1972-05-17 00:39:22' , updated_at ='1976-06-26 06:00:28' WHERE order_id = 49;
UPDATE order_lines SET created_at = '1976-11-20 02:00:11' , updated_at ='2010-03-01 13:31:02' WHERE order_id = 50;

SELECT * FROM orders ORDER BY id;

UPDATE orders SET created_at = '1974-05-29 20:45:16' , updated_at ='1974-05-29 20:45:16' WHERE id = 1;
UPDATE orders SET created_at = '1978-01-13 08:44:29' , updated_at ='1980-01-20 01:44:02' WHERE id = 2;
UPDATE orders SET created_at = '1995-11-28 16:20:07' , updated_at ='2008-06-18 21:07:20' WHERE id = 3;
UPDATE orders SET created_at = '2004-04-12 15:08:43' , updated_at ='2004-04-12 15:08:43' WHERE id = 4;
UPDATE orders SET created_at = '1993-04-21 22:11:08' , updated_at ='1996-06-08 22:50:31' WHERE id = 5;
UPDATE orders SET created_at = '1989-04-30 18:15:40' , updated_at ='1996-07-11 12:03:52' WHERE id = 6;
UPDATE orders SET created_at = '1974-08-07 01:47:29' , updated_at ='1974-08-07 01:47:29' WHERE id = 7;
UPDATE orders SET created_at = '1981-03-11 16:25:20' , updated_at ='1981-03-11 16:25:20' WHERE id = 8;
UPDATE orders SET created_at = '1977-07-28 22:43:52' , updated_at ='2016-12-06 08:23:44' WHERE id = 9;
UPDATE orders SET created_at = '1978-08-22 20:52:27' , updated_at ='2012-10-26 15:35:43' WHERE id = 10;
UPDATE orders SET created_at = '1983-11-13 01:31:22' , updated_at ='1983-11-13 01:31:22' WHERE id = 11;
UPDATE orders SET created_at = '2005-09-09 09:50:34' , updated_at ='2013-05-04 03:24:48' WHERE id = 12;
UPDATE orders SET created_at = '2003-07-13 05:05:39' , updated_at ='2003-07-13 05:05:39' WHERE id = 13;
UPDATE orders SET created_at = '1990-11-25 00:16:08' , updated_at ='2009-10-18 18:52:54' WHERE id = 14;
UPDATE orders SET created_at = '1991-06-12 00:09:42' , updated_at ='1991-06-12 00:09:42' WHERE id = 15;
UPDATE orders SET created_at = '1972-11-08 05:23:40' , updated_at ='1972-11-08 05:23:40' WHERE id = 16;
UPDATE orders SET created_at = '1974-05-06 14:26:44' , updated_at ='1974-05-06 14:26:44' WHERE id = 17;
UPDATE orders SET created_at = '1991-02-26 03:41:58' , updated_at ='1991-02-26 03:41:58' WHERE id = 18;
UPDATE orders SET created_at = '1986-08-07 17:56:24' , updated_at ='1986-08-07 17:56:24' WHERE id = 19;
UPDATE orders SET created_at = '1982-09-26 06:33:49' , updated_at ='2009-04-30 15:20:59' WHERE id = 20;
UPDATE orders SET created_at = '1976-01-02 04:08:11' , updated_at ='1976-01-02 04:08:11' WHERE id = 21;
UPDATE orders SET created_at = '1993-09-09 12:22:00' , updated_at ='2011-12-19 16:13:49' WHERE id = 22;
UPDATE orders SET created_at = '1980-12-29 21:06:57' , updated_at ='2002-04-22 00:02:44' WHERE id = 23;
UPDATE orders SET created_at = '1982-08-15 16:24:24' , updated_at ='1988-08-17 20:01:17' WHERE id = 24;
UPDATE orders SET created_at = '1972-05-15 22:03:27' , updated_at ='1972-05-15 22:03:27' WHERE id = 25;
UPDATE orders SET created_at = '1994-06-17 11:48:26' , updated_at ='1999-12-05 17:27:28' WHERE id = 26;
UPDATE orders SET created_at = '1972-09-08 10:23:15' , updated_at ='1977-03-26 02:37:51' WHERE id = 27;
UPDATE orders SET created_at = '2005-04-11 21:19:35' , updated_at ='2016-06-02 05:55:03' WHERE id = 28;
UPDATE orders SET created_at = '2010-03-26 08:35:36' , updated_at ='2010-03-26 08:35:36' WHERE id = 29;
UPDATE orders SET created_at = '1971-10-31 03:18:05' , updated_at ='1971-10-31 03:18:05' WHERE id = 30;
UPDATE orders SET created_at = '1986-04-12 01:37:08' , updated_at ='2003-09-18 00:14:19' WHERE id = 31;
UPDATE orders SET created_at = '1987-10-27 02:22:34' , updated_at ='1987-10-27 02:22:34' WHERE id = 32;
UPDATE orders SET created_at = '2010-03-26 08:35:36' , updated_at ='2010-03-26 08:35:36' WHERE id = 33;
UPDATE orders SET created_at = '2010-03-26 08:35:36' , updated_at ='2010-03-26 08:35:36' WHERE id = 34;
UPDATE orders SET created_at = '2017-12-19 23:57:52' , updated_at ='2018-06-04 13:29:10' WHERE id = 35;
UPDATE orders SET created_at = '2002-05-10 04:59:23' , updated_at ='2002-05-10 04:59:23' WHERE id = 36;
UPDATE orders SET created_at = '1994-08-26 04:54:03' , updated_at ='1994-08-26 04:54:03' WHERE id = 37;
UPDATE orders SET created_at = '1995-03-21 22:23:59' , updated_at ='2019-04-17 00:11:51' WHERE id = 38;
UPDATE orders SET created_at = '2010-03-26 08:35:36' , updated_at ='2010-03-26 08:35:36' WHERE id = 39;
UPDATE orders SET created_at = '1975-06-04 01:25:18' , updated_at ='1978-02-19 10:22:00' WHERE id = 40;
UPDATE orders SET created_at = '2002-08-31 22:56:39' , updated_at ='2002-08-31 22:56:39' WHERE id = 41;
UPDATE orders SET created_at = '1976-03-19 23:38:21' , updated_at ='1983-09-06 18:49:51' WHERE id = 42;
UPDATE orders SET created_at = '2004-11-20 20:06:00' , updated_at ='2006-02-21 16:23:34' WHERE id = 43;
UPDATE orders SET created_at = '1980-08-30 10:33:10' , updated_at ='2018-05-31 19:05:03' WHERE id = 44;
UPDATE orders SET created_at = '2014-01-21 23:51:30' , updated_at ='2014-01-21 23:51:30' WHERE id = 45;
UPDATE orders SET created_at = '1976-12-15 21:49:09' , updated_at ='2018-09-15 20:57:17' WHERE id = 46;
UPDATE orders SET created_at = '1987-06-14 16:03:39' , updated_at ='2018-11-07 16:39:55' WHERE id = 47;
UPDATE orders SET created_at = '1992-11-02 05:27:50' , updated_at ='2020-03-10 08:54:38' WHERE id = 48;
UPDATE orders SET created_at = '1972-05-17 00:39:22' , updated_at ='1976-06-26 06:00:28' WHERE id = 49;
UPDATE orders SET created_at = '1976-11-20 02:00:11' , updated_at ='2010-03-01 13:31:02' WHERE id = 50;

INSERT INTO order_steps VALUES
(1, 1, 1, '1974-05-29 20:45:16', '1974-05-30 20:45:16'),
(2, 1, 2, '1974-05-30 20:45:16', '1974-06-01 20:45:16'),
(3, 1, 3, '1974-06-01 20:45:16', '1974-06-02 20:45:16'),
(4, 1, 4, '1974-06-02 20:45:16', '1974-06-05 20:45:16'),
(5, 2, 1, '1978-01-13 08:44:29', '1978-01-13 10:44:29'),
(6, 2, 2, '1978-01-13 10:44:29', '1978-01-14 10:44:29'),
(7, 2, 3, '1978-01-14 10:44:29', '1978-01-16 10:44:29'),
(8, 2, 4, '1978-01-16 10:44:29', '1978-01-20 10:44:29'),
(9, 3, 1, '1995-11-28 16:20:07', NULL),
(10, 4, 1, '2004-04-12 15:08:43', '2004-04-13 15:08:43'),
(11, 4, 2, '2004-04-13 15:08:43', '2004-04-15 15:08:43'),
(12, 4, 3, '2004-04-15 15:08:43', '2004-04-17 15:08:43'),
(13, 4, 4, '2004-04-17 15:08:43', '2004-04-21 15:08:43'),
(14, 5, 1, '1993-04-21 22:11:08', '1993-04-21 23:11:08'),
(15, 5, 2, '1993-04-21 23:11:08', '1993-04-22 22:11:08'),
(16, 5, 3, '1993-04-22 22:11:08', '1993-04-24 22:11:08'),
(17, 5, 4, '1993-04-24 22:11:08', '1993-04-26 22:11:08'),
(18, 6, 1, '1989-04-30 18:15:40', '1989-04-30 20:15:40'),
(19, 6, 2, '1989-04-30 20:15:40', '1989-05-01 18:15:40'),
(20, 6, 3, '1989-05-01 18:15:40', '1989-05-02 18:15:40'),
(21, 6, 4, '1989-05-02 18:15:40', '1989-05-05 18:15:40'),
(22, 7, 1, '1974-08-07 01:47:29', '1974-08-08 01:47:29'),
(23, 7, 2, '1974-08-08 01:47:29', '1974-08-09 01:47:29'),
(24, 7, 3, '1974-08-09 01:47:29', '1974-08-11 01:47:29'),
(25, 7, 4, '1974-08-11 01:47:29', '1974-08-14 01:47:29'),
(26, 8, 1, '1981-03-11 16:25:20', '1981-03-11 20:25:20'),
(27, 8, 2, '1981-03-11 20:25:20', '1981-03-12 16:25:20'),
(28, 8, 3, '1981-03-12 16:25:20', '1981-03-14 16:25:20'),
(29, 8, 4, '1981-03-14 16:25:20', '1981-03-17 16:25:20'),
(30, 9, 1, '1977-07-28 22:43:52', NULL);

INSERT INTO order_steps VALUES
(31, 10, 1, '1978-08-22 20:52:27', '1978-08-23 20:52:27'),
(32, 10, 2, '1978-08-23 20:52:27', '1978-08-24 20:52:27'),
(33, 10, 3, '1978-08-24 20:52:27', '1978-08-25 20:52:27'),
(34, 10, 4, '1978-08-25 20:52:27', '1978-08-28 20:52:27'),
(35, 11, 1, '1983-11-13 01:31:22', '1983-11-14 01:31:22'),
(36, 11, 2, '1983-11-14 01:31:22', '1983-11-15 01:31:22'),
(37, 11, 3, '1983-11-15 01:31:22', '1983-11-17 01:31:22'),
(38, 11, 4, '1983-11-17 01:31:22', '1983-11-21 01:31:22'),
(39, 12, 1, '2005-09-09 09:50:34', NULL),
(40, 13, 1, '2003-07-13 05:05:39', '2003-07-13 10:05:39'),
(41, 13, 2, '2003-07-13 10:05:39', '2003-07-14 05:05:39'),
(42, 13, 3, '2003-07-14 05:05:39', '2003-07-16 05:05:39'),
(43, 13, 4, '2003-07-16 05:05:39', '2003-07-18 05:05:39'),
(44, 14, 1, '1990-11-25 00:16:08', '1990-11-26 00:16:08'),
(45, 14, 2, '1990-11-26 00:16:08', '1990-11-27 00:16:08'),
(46, 14, 3, '1990-11-27 00:16:08', '1990-11-28 00:16:08'),
(47, 14, 4, '1990-11-28 00:16:08', '1990-11-28 23:16:08'),
(48, 15, 1, '1991-06-12 00:09:42', '1991-06-13 00:09:42'),
(49, 15, 2, '1991-06-13 00:09:42', '1991-06-14 00:09:42'),
(50, 15, 3, '1991-06-14 00:09:42', '1991-06-15 00:09:42'),
(51, 15, 4, '1991-06-15 00:09:42', '1991-06-17 00:09:42'),
(52, 16, 1, '1972-11-08 05:23:40', '1972-11-08 10:23:40'),
(53, 16, 2, '1972-11-08 10:23:40', '1972-11-09 05:23:40'),
(54, 16, 3, '1972-11-09 05:23:40', '1972-11-10 05:23:40'),
(55, 16, 4, '1972-11-10 05:23:40', '1972-11-15 05:23:40'),
(56, 17, 1, '1974-05-06 14:26:44', '1974-05-06 15:26:44'),
(57, 17, 2, '1974-05-06 15:26:44', '1974-05-07 14:26:44'),
(58, 17, 3, '1974-05-07 14:26:44', '1974-05-07 20:26:44'),
(59, 17, 4, '1974-05-07 20:26:44', '1974-05-09 14:26:44'),
(60, 18, 1, '1991-02-26 03:41:58', NULL);

INSERT INTO order_steps VALUES
(61, 19, 1, '1986-08-07 17:56:24', '1986-08-07 20:56:24'),
(62, 19, 2, '1986-08-07 20:56:24', '1986-08-08 17:56:24'),
(63, 19, 3, '1986-08-08 17:56:24', '1986-08-09 17:56:24'),
(64, 19, 4, '1986-08-09 17:56:24', '1986-08-11 17:56:24'),
(65, 20, 1, '1982-09-26 06:33:49', '1982-09-26 12:33:49'),
(66, 20, 2, '1982-09-26 12:33:49', '1982-09-27 06:33:49'),
(67, 20, 3, '1982-09-27 06:33:49', '1982-09-28 06:33:49'),
(68, 20, 4, '1982-09-28 06:33:49', '1982-09-28 20:33:49'),
(69, 21, 1, '1976-01-02 04:08:11', NULL),
(70, 22, 1, '1993-09-09 12:22:00', '1993-09-09 12:25:00'),
(71, 22, 2, '1993-09-09 12:25:00', '1993-09-10 12:22:00'),
(72, 22, 3, '1993-09-10 12:22:00', '1993-09-11 12:22:00'),
(73, 22, 4, '1993-09-11 12:22:00', '1993-09-13 12:22:00'),
(74, 23, 1, '1980-12-29 21:06:57', '1980-12-30 21:06:57'),
(75, 23, 2, '1980-12-30 21:06:57', '1980-12-31 21:06:57'),
(76, 23, 3, '1980-12-31 21:06:57', '1981-01-04 21:06:57'),
(77, 23, 4, '1981-01-04 21:06:57', '1981-01-09 21:06:57'),
(78, 24, 1, '1982-08-15 16:24:24', '1982-08-16 16:24:24'),
(79, 24, 2, '1982-08-16 16:24:24', '1982-08-17 16:24:24'),
(80, 24, 3, '1982-08-17 16:24:24', '1982-08-18 16:24:24'),
(81, 24, 4, '1982-08-18 16:24:24', '1982-08-20 16:24:24'),
(82, 25, 1, '1972-05-15 22:03:27', '1972-05-16 12:03:27'),
(83, 25, 2, '1972-05-16 12:03:27', '1972-05-16 22:03:27'),
(84, 25, 3, '1972-05-16 22:03:27', '1972-05-17 22:03:27'),
(85, 25, 4, '1972-05-17 22:03:27', '1972-05-20 22:03:27'),
(86, 26, 1, '1994-06-17 11:48:26', '1994-06-18 11:48:26'),
(87, 26, 2, '1994-06-18 11:48:26', '1994-06-19 11:48:26'),
(88, 26, 3, '1994-06-19 11:48:26', '1994-06-20 11:48:26'),
(89, 26, 4, '1994-06-20 11:48:26', '1994-06-25 11:48:26'),
(90, 27, 1, '1972-09-08 10:23:15', NULL);

INSERT INTO order_steps VALUES
(91, 28, 1, '2005-04-11 21:19:35', '2005-04-12 21:19:35'),
(92, 28, 2, '2005-04-12 21:19:35', '2005-04-13 21:19:35'),
(93, 28, 3, '2005-04-13 21:19:35', '2005-04-14 21:19:35'),
(94, 28, 4, '2005-04-14 21:19:35', '2005-04-17 21:19:35'),
(95, 29, 1, '2010-03-26 08:35:36', '2010-03-26 20:35:36'),
(96, 29, 2, '2010-03-26 20:35:36', '2010-03-27 08:35:36'),
(97, 29, 3, '2010-03-27 08:35:36', '2010-03-28 08:35:36'),
(98, 29, 4, '2010-03-28 08:35:36', '2010-03-30 08:35:36'),
(99, 30, 1, '1971-10-31 03:18:05', NULL),
(100, 31, 1, '1986-04-12 01:37:08', '1986-04-13 01:37:08'),
(101, 31, 2, '1986-04-13 01:37:08', '1986-04-14 01:37:08'),
(102, 31, 3, '1986-04-14 01:37:08', '1986-04-15 01:37:08'),
(103, 31, 4, '1986-04-15 01:37:08', '1986-04-17 01:37:08'),
(104, 32, 1, '1987-10-27 02:22:34', '1987-10-27 12:22:34'),
(105, 32, 2, '1987-10-27 12:22:34', '1987-10-28 02:22:34'),
(106, 32, 3, '1987-10-28 02:22:34', '1987-10-29 02:22:34'),
(107, 32, 4, '1987-10-29 02:22:34', '1987-10-31 02:22:34'),
(108, 33, 1, '2010-03-26 08:35:36', '2010-03-26 16:35:36'),
(109, 33, 2, '2010-03-26 16:35:36', '2010-03-27 08:35:36'),
(110, 33, 3, '2010-03-27 08:35:36', '2010-03-28 08:35:36'),
(111, 33, 4, '2010-03-28 08:35:36', '2010-04-02 08:35:36'),
(112, 34, 1, '2010-03-26 08:35:36', '2010-03-27 08:35:36'),
(113, 34, 2, '2010-03-27 08:35:36', '2010-03-27 20:35:36'),
(114, 34, 3, '2010-03-27 20:35:36', '2010-04-01 08:35:36'),
(115, 34, 4, '2010-04-01 08:35:36', '2010-04-03 08:35:36'),
(116, 35, 1, '2017-12-19 23:57:52', '2017-12-20 23:57:52'),
(117, 35, 2, '2017-12-20 23:57:52', '2017-12-22 23:57:52'),
(118, 35, 3, '2017-12-22 23:57:52', '2017-12-23 23:57:52'),
(119, 35, 4, '2017-12-23 23:57:52', '2017-12-25 23:57:52'),
(120, 36, 1, '2002-05-10 04:59:23', NULL);

INSERT INTO order_steps VALUES
(121, 37, 1, '1994-08-26 04:54:03', '1994-08-27 04:54:03'),
(122, 37, 2, '1994-08-27 04:54:03', '1994-08-28 04:54:03'),
(123, 37, 3, '1994-08-28 04:54:03', '1994-08-29 04:54:03'),
(124, 37, 4, '1994-08-29 04:54:03', '1994-09-02 04:54:03'),
(125, 38, 1, '1995-03-21 22:23:59', '1995-03-22 22:23:59'),
(126, 38, 2, '1995-03-22 22:23:59', '1995-03-23 22:23:59'),
(127, 38, 3, '1995-03-23 22:23:59', '1995-03-24 22:23:59'),
(128, 38, 4, '1995-03-24 22:23:59', '1995-03-27 22:23:59'),
(129, 39, 1, '2010-03-26 08:35:36', NULL),
(130, 40, 1, '1975-06-04 01:25:18', '1975-06-05 01:25:18'),
(131, 40, 2, '1975-06-05 01:25:18', '1975-06-06 01:25:18'),
(132, 40, 3, '1975-06-06 01:25:18', '1975-06-07 01:25:18'),
(133, 40, 4, '1975-06-07 01:25:18', '1975-06-10 01:25:18'),
(134, 41, 1, '2002-08-31 22:56:39', '2002-09-01 22:56:39'),
(135, 41, 2, '2002-09-01 22:56:39', '2002-09-02 22:56:39'),
(136, 41, 3, '2002-09-02 22:56:39', '2002-09-03 22:56:39'),
(137, 41, 4, '2002-09-03 22:56:39', '2002-09-05 22:56:39'),
(138, 42, 1, '1976-03-19 23:38:21', '1976-03-20 23:38:21'),
(139, 42, 2, '1976-03-20 23:38:21', '1976-03-21 23:38:21'),
(140, 42, 3, '1976-03-21 23:38:21', '1976-03-22 23:38:21'),
(141, 42, 4, '1976-03-22 23:38:21', '1976-03-25 23:38:21'),
(142, 43, 1, '2004-11-20 20:06:00', '2004-11-21 20:06:00'),
(143, 43, 2, '2004-11-21 20:06:00', '2004-11-22 20:06:00'),
(144, 43, 3, '2004-11-22 20:06:00', '2004-11-23 20:06:00'),
(145, 43, 4, '2004-11-23 20:06:00', '2004-11-26 20:06:00'),
(146, 44, 1, '1980-08-30 10:33:10', '1980-09-01 10:33:10'),
(147, 44, 2, '1980-09-01 10:33:10', '1980-09-02 10:33:10'),
(148, 44, 3, '1980-09-02 10:33:10', '1980-09-03 10:33:10'),
(149, 44, 4, '1980-09-03 10:33:10', '1980-09-07 10:33:10'),
(150, 45, 1, '2014-01-21 23:51:30', NULL);

INSERT INTO order_steps VALUES
(151, 46, 1, '1976-12-15 21:49:09', '1976-12-16 21:49:09'),
(152, 46, 2, '1976-12-16 21:49:09', '1976-12-17 21:49:09'),
(153, 46, 3, '1976-12-17 21:49:09', '1976-12-18 21:49:09'),
(154, 46, 4, '1976-12-18 21:49:09', '1976-12-20 21:49:09'),
(155, 47, 1, '1987-06-14 16:03:39', '1987-06-14 20:03:39'),
(156, 47, 2, '1987-06-14 20:03:39', '1987-06-15 16:03:39'),
(157, 47, 3, '1987-06-15 16:03:39', '1987-06-16 16:03:39'),
(158, 47, 4, '1987-06-16 16:03:39', '1987-06-20 16:03:39'),
(159, 48, 1, '1992-11-02 05:27:50', NULL),
(160, 49, 1, '1972-05-17 00:39:22', '1972-05-18 00:39:22'),
(161, 49, 2, '1972-05-18 00:39:22', '1972-05-19 00:39:22'),
(162, 49, 3, '1972-05-19 00:39:22', '1972-05-20 00:39:22'),
(163, 49, 4, '1972-05-20 00:39:22', '1972-05-25 00:39:22'),
(164, 50, 1, '1976-11-20 02:00:11', '1976-11-21 02:00:11'),
(165, 50, 2, '1976-11-21 02:00:11', '1976-11-23 02:00:11'),
(166, 50, 3, '1976-11-23 02:00:11', '1976-11-24 02:00:11'),
(167, 50, 4, '1976-11-24 02:00:11', '1976-11-27 02:00:11');
