-- MySQL dump 10.13  Distrib 8.0.20, for Linux (x86_64)
--
-- Host: localhost    Database: vk
-- ------------------------------------------------------
-- Server version	8.0.20-0ubuntu0.20.04.1

/*!40101 SET @OLD_CHARACTER_SET_CLIENT=@@CHARACTER_SET_CLIENT */;
/*!40101 SET @OLD_CHARACTER_SET_RESULTS=@@CHARACTER_SET_RESULTS */;
/*!40101 SET @OLD_COLLATION_CONNECTION=@@COLLATION_CONNECTION */;
/*!50503 SET NAMES utf8mb4 */;
/*!40103 SET @OLD_TIME_ZONE=@@TIME_ZONE */;
/*!40103 SET TIME_ZONE='+00:00' */;
/*!40014 SET @OLD_UNIQUE_CHECKS=@@UNIQUE_CHECKS, UNIQUE_CHECKS=0 */;
/*!40014 SET @OLD_FOREIGN_KEY_CHECKS=@@FOREIGN_KEY_CHECKS, FOREIGN_KEY_CHECKS=0 */;
/*!40101 SET @OLD_SQL_MODE=@@SQL_MODE, SQL_MODE='NO_AUTO_VALUE_ON_ZERO' */;
/*!40111 SET @OLD_SQL_NOTES=@@SQL_NOTES, SQL_NOTES=0 */;

--
-- Table structure for table `communities`
--

DROP TABLE IF EXISTS `communities`;
/*!40101 SET @saved_cs_client     = @@character_set_client */;
/*!50503 SET character_set_client = utf8mb4 */;
CREATE TABLE `communities` (
  `id` int unsigned NOT NULL AUTO_INCREMENT COMMENT 'Идентификатор сроки',
  `name` varchar(150) CHARACTER SET utf8 COLLATE utf8_unicode_ci NOT NULL COMMENT 'Название группы',
  `created_at` datetime DEFAULT CURRENT_TIMESTAMP COMMENT 'Время создания строки',
  `updated_at` datetime DEFAULT CURRENT_TIMESTAMP ON UPDATE CURRENT_TIMESTAMP COMMENT 'Время обновления строки',
  PRIMARY KEY (`id`),
  UNIQUE KEY `name` (`name`)
) ENGINE=InnoDB AUTO_INCREMENT=9 DEFAULT CHARSET=utf8 COLLATE=utf8_unicode_ci COMMENT='Группы';
/*!40101 SET character_set_client = @saved_cs_client */;

--
-- Dumping data for table `communities`
--

LOCK TABLES `communities` WRITE;
/*!40000 ALTER TABLE `communities` DISABLE KEYS */;
INSERT INTO `communities` VALUES (1,'LLS','2020-06-25 16:34:37','2020-06-25 16:34:37'),(2,'Games','2020-06-25 16:34:37','2020-06-25 16:34:37'),(3,'DLC','2020-06-25 16:34:37','2020-06-25 16:34:37'),(4,'Movies','2020-06-25 16:34:37','2020-06-25 16:34:37'),(5,'DLS','2020-06-25 16:34:37','2020-06-25 16:34:37'),(6,'Gam','2020-06-25 16:34:37','2020-06-25 16:34:37'),(7,'DLL','2020-06-25 16:34:37','2020-06-25 16:34:37'),(8,'Ovies','2020-06-25 16:34:37','2020-06-25 16:34:37');
/*!40000 ALTER TABLE `communities` ENABLE KEYS */;
UNLOCK TABLES;

--
-- Table structure for table `communities_users`
--

DROP TABLE IF EXISTS `communities_users`;
/*!40101 SET @saved_cs_client     = @@character_set_client */;
/*!50503 SET character_set_client = utf8mb4 */;
CREATE TABLE `communities_users` (
  `community_id` int unsigned NOT NULL COMMENT 'Ссылка на группу',
  `user_id` int unsigned NOT NULL COMMENT 'Ссылка на пользователя',
  `created_at` datetime DEFAULT CURRENT_TIMESTAMP COMMENT 'Время создания строки',
  PRIMARY KEY (`community_id`,`user_id`) COMMENT 'Составной первичный ключ',
  KEY `communities_users_user_id_fk` (`user_id`),
  CONSTRAINT `communities_users_community_id_fk` FOREIGN KEY (`community_id`) REFERENCES `communities` (`id`),
  CONSTRAINT `communities_users_user_id_fk` FOREIGN KEY (`user_id`) REFERENCES `users` (`id`)
) ENGINE=InnoDB DEFAULT CHARSET=utf8mb4 COLLATE=utf8mb4_0900_ai_ci COMMENT='Участники групп, связь между пользователями и группами';
/*!40101 SET character_set_client = @saved_cs_client */;

--
-- Dumping data for table `communities_users`
--

LOCK TABLES `communities_users` WRITE;
/*!40000 ALTER TABLE `communities_users` DISABLE KEYS */;
INSERT INTO `communities_users` VALUES (1,5,'2020-06-25 17:10:13'),(1,19,'2020-06-25 17:10:13'),(1,38,'2020-06-25 17:10:13'),(1,43,'2020-06-25 17:10:13'),(1,48,'2020-06-25 17:10:13'),(1,59,'2020-06-25 17:10:13'),(1,71,'2020-06-25 17:10:13'),(1,78,'2020-06-25 17:10:13'),(1,83,'2020-06-25 17:10:13'),(1,85,'2020-06-25 17:10:13'),(1,99,'2020-06-25 17:10:13'),(2,24,'2020-06-25 17:10:13'),(2,34,'2020-06-25 17:10:13'),(2,37,'2020-06-25 17:10:13'),(2,53,'2020-06-25 17:10:13'),(2,61,'2020-06-25 17:10:13'),(2,82,'2020-06-25 17:10:13'),(2,88,'2020-06-25 17:10:13'),(2,90,'2020-06-25 17:10:13'),(3,30,'2020-06-25 17:10:13'),(3,31,'2020-06-25 17:10:13'),(3,51,'2020-06-25 17:10:13'),(3,54,'2020-06-25 17:10:13'),(3,60,'2020-06-25 17:10:13'),(3,70,'2020-06-25 17:10:13'),(3,75,'2020-06-25 17:10:13'),(3,77,'2020-06-25 17:10:13'),(3,89,'2020-06-25 17:10:13'),(3,94,'2020-06-25 17:10:13'),(4,6,'2020-06-25 17:10:13'),(4,13,'2020-06-25 17:10:13'),(4,28,'2020-06-25 17:10:13'),(4,55,'2020-06-25 17:10:13'),(4,72,'2020-06-25 17:10:13'),(4,76,'2020-06-25 17:10:13'),(4,80,'2020-06-25 17:10:13'),(4,87,'2020-06-25 17:10:13'),(5,1,'2020-06-25 17:10:13'),(5,2,'2020-06-25 17:10:13'),(5,15,'2020-06-25 17:10:13'),(5,26,'2020-06-25 17:10:13'),(5,29,'2020-06-25 17:10:13'),(5,32,'2020-06-25 17:10:13'),(5,36,'2020-06-25 17:10:13'),(5,41,'2020-06-25 17:10:13'),(5,42,'2020-06-25 17:10:13'),(5,44,'2020-06-25 17:10:13'),(5,50,'2020-06-25 17:10:13'),(5,63,'2020-06-25 17:10:13'),(5,92,'2020-06-25 17:10:13'),(5,96,'2020-06-25 17:10:13'),(6,8,'2020-06-25 17:10:13'),(6,10,'2020-06-25 17:10:13'),(6,16,'2020-06-25 17:10:13'),(6,21,'2020-06-25 17:10:13'),(6,25,'2020-06-25 17:10:13'),(6,40,'2020-06-25 17:10:13'),(6,45,'2020-06-25 17:10:13'),(6,57,'2020-06-25 17:10:13'),(6,58,'2020-06-25 17:10:13'),(6,64,'2020-06-25 17:10:13'),(6,74,'2020-06-25 17:10:13'),(6,86,'2020-06-25 17:10:13'),(6,93,'2020-06-25 17:10:13'),(6,95,'2020-06-25 17:10:13'),(6,97,'2020-06-25 17:10:13'),(6,100,'2020-06-25 17:10:13'),(7,7,'2020-06-25 17:10:13'),(7,11,'2020-06-25 17:10:13'),(7,12,'2020-06-25 17:10:13'),(7,17,'2020-06-25 17:10:13'),(7,20,'2020-06-25 17:10:13'),(7,23,'2020-06-25 17:10:13'),(7,27,'2020-06-25 17:10:13'),(7,33,'2020-06-25 17:10:13'),(7,35,'2020-06-25 17:10:13'),(7,46,'2020-06-25 17:10:13'),(7,49,'2020-06-25 17:10:13'),(7,52,'2020-06-25 17:10:13'),(7,65,'2020-06-25 17:10:13'),(7,66,'2020-06-25 17:10:13'),(7,69,'2020-06-25 17:10:13'),(7,79,'2020-06-25 17:10:13'),(7,84,'2020-06-25 17:10:13'),(7,91,'2020-06-25 17:10:13'),(7,98,'2020-06-25 17:10:13'),(8,3,'2020-06-25 17:10:13'),(8,4,'2020-06-25 17:10:13'),(8,9,'2020-06-25 17:10:13'),(8,14,'2020-06-25 17:10:13'),(8,18,'2020-06-25 17:10:13'),(8,22,'2020-06-25 17:10:13'),(8,39,'2020-06-25 17:10:13'),(8,47,'2020-06-25 17:10:13'),(8,56,'2020-06-25 17:10:13'),(8,62,'2020-06-25 17:10:13'),(8,67,'2020-06-25 17:10:13'),(8,68,'2020-06-25 17:10:13'),(8,73,'2020-06-25 17:10:13'),(8,81,'2020-06-25 17:10:13');
/*!40000 ALTER TABLE `communities_users` ENABLE KEYS */;
UNLOCK TABLES;

--
-- Table structure for table `friendship`
--

DROP TABLE IF EXISTS `friendship`;
/*!40101 SET @saved_cs_client     = @@character_set_client */;
/*!50503 SET character_set_client = utf8mb4 */;
CREATE TABLE `friendship` (
  `user_id` int unsigned NOT NULL COMMENT 'Ссылка на инициатора дружеских отношений',
  `friend_id` int unsigned NOT NULL COMMENT 'Ссылка на получателя приглашения дружить',
  `status_id` int unsigned NOT NULL COMMENT 'Ссылка на статус (текущее состояние) отношений',
  `requested_at` datetime DEFAULT CURRENT_TIMESTAMP COMMENT 'Время отправления приглашения дружить',
  `confirmed_at` datetime DEFAULT NULL COMMENT 'Время подтверждения приглашения',
  `created_at` datetime DEFAULT CURRENT_TIMESTAMP COMMENT 'Время создания строки',
  `updated_at` datetime DEFAULT CURRENT_TIMESTAMP ON UPDATE CURRENT_TIMESTAMP COMMENT 'Время обновления строки',
  PRIMARY KEY (`user_id`,`friend_id`) COMMENT 'Составной первичный ключ',
  KEY `friendship_friend_id_fk` (`friend_id`),
  KEY `friendship_status_id_fk` (`status_id`),
  CONSTRAINT `friendship_friend_id_fk` FOREIGN KEY (`friend_id`) REFERENCES `users` (`id`),
  CONSTRAINT `friendship_status_id_fk` FOREIGN KEY (`status_id`) REFERENCES `friendship_statuses` (`id`),
  CONSTRAINT `friendship_user_id_fk` FOREIGN KEY (`user_id`) REFERENCES `users` (`id`)
) ENGINE=InnoDB DEFAULT CHARSET=utf8 COLLATE=utf8_unicode_ci COMMENT='Таблица дружбы';
/*!40101 SET character_set_client = @saved_cs_client */;

--
-- Dumping data for table `friendship`
--

LOCK TABLES `friendship` WRITE;
/*!40000 ALTER TABLE `friendship` DISABLE KEYS */;
INSERT INTO `friendship` VALUES (2,37,3,'2017-09-12 13:23:19','2019-12-19 02:48:24','2015-04-18 21:56:54','2020-06-25 16:25:31'),(2,41,1,'1973-10-27 20:55:37','2016-01-30 01:04:39','1981-08-20 06:56:25','2020-06-25 16:25:31'),(2,96,3,'2010-08-11 09:41:51','2000-11-14 04:22:04','1972-10-24 05:54:17','2020-06-25 16:25:31'),(3,13,1,'1994-02-02 19:53:03','2007-08-23 15:12:50','2003-04-27 19:53:12','2020-06-25 16:25:31'),(4,18,1,'2011-09-26 12:39:55','1975-12-30 04:45:43','1997-09-04 23:09:57','2020-06-25 16:25:31'),(6,42,3,'1974-11-25 07:06:33','1981-09-28 13:33:35','1988-06-07 07:03:37','2020-06-25 16:25:31'),(6,64,1,'1996-03-30 01:38:09','1978-06-08 19:33:00','2004-10-13 02:25:03','2020-06-25 16:25:31'),(9,19,2,'2001-01-02 19:02:29','1973-10-21 20:43:34','2002-06-09 07:27:10','2020-06-25 16:25:31'),(9,69,2,'2003-06-14 03:57:49','2019-05-19 08:50:20','2015-09-18 04:56:36','2020-06-25 16:25:31'),(10,25,1,'1977-03-05 18:55:33','2005-06-09 10:32:57','1974-04-18 00:02:53','2020-06-25 16:25:31'),(11,50,3,'2008-02-28 07:46:57','1990-06-15 03:46:00','2003-02-21 13:44:26','2020-06-25 16:25:31'),(12,100,2,'1994-08-11 14:33:29','1980-05-24 04:09:45','2000-03-06 16:10:50','2020-06-25 16:25:31'),(13,70,2,'2013-04-22 19:21:48','1997-01-05 22:03:20','2020-03-28 21:01:07','2020-06-25 16:25:31'),(13,84,2,'1985-09-06 02:14:02','1981-07-31 22:39:11','1984-06-28 23:27:30','2020-06-25 16:25:31'),(14,34,2,'2011-11-20 18:00:00','1975-04-03 11:26:58','1994-09-03 15:38:48','2020-06-25 16:25:31'),(15,54,1,'1992-03-29 14:38:23','1972-04-03 16:54:38','1977-06-03 22:38:40','2020-06-25 16:25:31'),(17,13,1,'2005-01-30 06:49:07','2010-03-22 11:38:35','1996-11-04 12:17:30','2020-06-25 16:25:31'),(17,16,3,'1995-06-23 18:43:12','1980-10-20 06:33:35','2018-12-26 06:52:32','2020-06-25 16:25:31'),(17,90,3,'2015-11-12 01:10:34','1991-07-18 17:02:36','1986-04-25 17:06:43','2020-06-25 16:25:31'),(19,16,3,'1977-01-27 01:24:45','2005-10-07 02:06:20','2017-01-20 14:11:16','2020-06-25 16:25:31'),(19,24,1,'1978-04-24 02:27:52','1986-09-23 05:01:13','1979-11-01 01:50:10','2020-06-25 16:25:31'),(19,69,1,'1995-01-28 03:38:06','1977-07-08 03:11:24','2004-02-20 14:59:14','2020-06-25 16:25:31'),(20,73,3,'1990-11-24 06:18:32','1991-08-29 08:29:26','1995-02-24 07:29:23','2020-06-25 16:25:31'),(21,14,3,'1989-08-31 19:35:15','1972-11-01 07:18:25','1995-03-11 06:35:42','2020-06-25 16:25:31'),(21,88,3,'1986-04-05 02:00:42','2013-08-18 12:46:49','1987-03-05 12:22:06','2020-06-25 16:25:31'),(22,24,2,'1993-11-23 23:01:57','1980-09-20 01:02:19','2017-11-08 11:58:05','2020-06-25 16:25:31'),(24,64,1,'1984-07-16 14:30:22','1972-07-02 03:15:47','1985-12-19 17:05:02','2020-06-25 16:25:31'),(25,50,1,'2013-08-22 15:01:17','2017-10-04 18:00:25','1999-09-04 09:29:45','2020-06-25 16:25:31'),(25,66,3,'1986-11-05 08:57:37','2001-08-17 04:46:28','2007-11-18 02:11:34','2020-06-25 16:25:31'),(26,27,3,'1996-09-07 14:59:56','1973-10-12 09:39:38','1970-03-21 11:33:47','2020-06-25 16:25:31'),(27,18,2,'2002-07-21 20:39:27','1986-03-29 02:16:29','2006-01-09 10:22:19','2020-06-25 16:25:31'),(27,74,1,'2019-05-06 14:43:45','2004-10-17 14:30:53','1978-07-29 01:31:09','2020-06-25 16:25:31'),(27,92,2,'2018-09-20 12:14:08','2009-07-15 10:16:51','1972-04-06 00:33:18','2020-06-25 16:25:31'),(28,5,3,'1990-02-16 01:18:31','1981-06-30 05:54:23','2015-10-30 16:24:56','2020-06-25 16:25:31'),(28,50,1,'1975-03-08 19:08:08','1977-07-10 21:00:37','1979-11-08 00:55:56','2020-06-25 16:25:31'),(31,95,2,'1992-04-23 21:11:16','2003-10-22 17:52:35','1975-01-18 20:43:11','2020-06-25 16:25:31'),(33,49,1,'1981-01-31 19:49:20','1997-06-17 23:37:17','1989-11-28 16:03:29','2020-06-25 16:25:31'),(36,75,1,'1999-01-27 21:48:28','2014-10-26 10:47:35','1998-10-30 02:57:41','2020-06-25 16:25:31'),(37,40,1,'2007-03-02 04:30:29','2005-07-27 17:46:51','1975-01-19 18:01:36','2020-06-25 16:25:31'),(38,34,1,'2007-01-19 08:49:09','2019-03-03 14:22:20','2015-04-18 15:50:00','2020-06-25 16:25:31'),(38,35,2,'2012-04-05 02:22:27','2013-08-03 10:34:11','2001-10-14 14:20:08','2020-06-25 16:25:31'),(43,2,3,'2015-06-24 17:01:55','1972-11-19 03:47:15','2004-01-20 16:44:26','2020-06-25 16:25:31'),(43,95,3,'1996-07-23 19:02:20','2012-05-07 21:14:55','1985-11-04 08:06:09','2020-06-25 16:25:31'),(44,48,3,'2004-02-20 07:14:09','1974-09-01 16:51:08','2016-09-07 04:40:31','2020-06-25 16:25:31'),(45,96,1,'2002-02-12 19:38:24','2017-02-18 17:07:40','2006-02-26 17:15:12','2020-06-25 16:25:31'),(47,31,2,'1972-08-31 05:37:41','1977-02-04 05:35:11','2001-09-09 19:05:43','2020-06-25 16:25:31'),(48,91,1,'1977-04-11 15:50:19','2006-05-23 04:50:07','2008-10-28 12:15:21','2020-06-25 16:25:31'),(49,15,2,'1992-10-22 13:16:53','2009-09-29 06:42:26','1995-11-03 01:52:19','2020-06-25 16:25:31'),(50,83,2,'2010-06-01 21:35:50','1973-06-03 08:48:20','2004-06-22 19:36:36','2020-06-25 16:25:31'),(51,84,2,'1974-10-05 15:51:27','1984-02-02 16:20:24','1986-09-12 04:56:42','2020-06-25 16:25:31'),(53,13,2,'2014-11-17 12:23:55','2009-08-02 02:35:53','1976-05-02 06:57:19','2020-06-25 16:25:31'),(56,17,1,'1996-08-21 14:07:08','1986-09-16 08:53:20','1976-09-20 13:36:58','2020-06-25 16:25:31'),(57,58,1,'2018-05-24 14:46:04','1991-12-28 13:34:57','1996-05-19 03:30:35','2020-06-25 16:25:31'),(59,82,2,'1991-06-17 16:14:23','2016-08-20 18:36:13','2005-01-12 06:10:30','2020-06-25 16:25:31'),(60,17,2,'2007-02-02 23:01:03','2005-06-08 00:23:24','1987-07-21 14:57:57','2020-06-25 16:25:31'),(60,43,3,'1996-02-10 01:59:25','1978-12-15 20:36:43','1983-12-05 23:07:51','2020-06-25 16:25:31'),(60,79,2,'1997-10-15 10:04:08','1986-10-04 03:00:46','2013-07-25 01:29:59','2020-06-25 16:25:31'),(63,4,2,'1992-03-21 05:51:48','1986-03-24 02:06:52','2015-06-08 21:03:30','2020-06-25 16:25:31'),(63,51,1,'1979-01-30 22:02:36','2002-11-07 22:04:40','2018-08-14 11:02:00','2020-06-25 16:25:31'),(66,49,2,'1994-06-22 21:09:28','1991-04-28 03:09:57','1992-05-22 17:35:10','2020-06-25 16:25:31'),(68,62,1,'1984-07-03 02:01:03','1994-02-04 15:20:31','2002-12-30 18:21:08','2020-06-25 16:25:31'),(69,78,3,'1973-05-17 21:20:54','1984-09-17 12:34:11','1977-05-04 18:31:04','2020-06-25 16:25:31'),(70,13,3,'1978-06-03 07:16:30','1981-07-11 17:21:52','1973-03-07 00:13:18','2020-06-25 16:25:31'),(70,90,3,'2017-05-02 23:50:47','2000-12-23 09:26:00','2015-07-29 06:35:51','2020-06-25 16:25:31'),(72,60,3,'2004-02-05 12:56:19','1977-03-30 23:41:02','1998-02-16 05:03:54','2020-06-25 16:25:31'),(72,98,2,'1982-08-10 07:35:05','1990-02-19 01:19:13','1976-07-19 17:29:20','2020-06-25 16:25:31'),(73,48,1,'1996-03-13 12:12:54','1988-11-03 13:40:04','2003-07-06 11:25:47','2020-06-25 16:25:31'),(75,44,2,'2005-11-12 19:08:23','2006-08-11 18:45:22','2014-06-12 23:48:05','2020-06-25 16:25:31'),(75,68,2,'1972-10-31 07:02:20','2010-07-02 18:04:35','2001-10-26 13:28:57','2020-06-25 16:25:31'),(75,71,1,'1978-11-23 09:01:22','1980-04-23 04:07:08','1974-05-18 15:44:47','2020-06-25 16:25:31'),(75,78,3,'2013-04-30 16:40:15','1989-08-05 12:50:44','2014-08-27 00:32:12','2020-06-25 16:25:31'),(78,35,2,'2010-01-23 02:13:54','2014-07-03 05:25:55','2007-08-22 09:31:47','2020-06-25 16:25:31'),(78,38,2,'2002-04-07 07:30:32','2007-12-10 22:39:22','1986-02-03 12:46:07','2020-06-25 16:25:31'),(78,61,3,'2000-11-05 23:33:15','1981-12-27 18:01:13','1992-12-29 21:02:39','2020-06-25 16:25:31'),(78,96,2,'1980-11-05 02:58:40','1994-11-03 16:50:15','2020-04-07 22:37:54','2020-06-25 16:25:31'),(79,5,1,'1997-03-14 08:01:22','1971-08-31 23:26:50','2019-06-29 07:18:27','2020-06-25 16:25:31'),(82,26,3,'1996-10-13 20:56:46','2008-05-01 01:24:22','1988-10-04 02:11:03','2020-06-25 16:25:31'),(82,69,3,'1991-07-26 02:41:50','1982-12-16 09:07:13','2004-09-04 05:48:20','2020-06-25 16:25:31'),(83,11,2,'1987-12-22 06:32:12','1996-04-25 15:19:16','2019-09-07 01:07:12','2020-06-25 16:25:31'),(83,51,1,'2014-09-05 08:09:59','1992-01-17 05:30:37','1978-08-22 06:51:19','2020-06-25 16:25:31'),(83,99,3,'2007-12-12 10:22:48','1987-06-19 00:30:45','1973-06-22 06:40:33','2020-06-25 16:25:31'),(84,100,2,'1988-11-08 02:24:59','2007-04-09 08:00:49','1981-01-22 20:22:51','2020-06-25 16:25:31'),(85,19,3,'2002-02-14 18:31:36','1991-10-28 12:43:34','1995-01-16 22:25:48','2020-06-25 16:25:31'),(85,33,1,'1991-05-26 13:58:54','2005-11-11 14:46:48','1981-08-22 08:23:08','2020-06-25 16:25:31'),(85,68,1,'2001-09-23 07:19:38','1995-03-16 02:50:06','1980-03-11 04:12:13','2020-06-25 16:25:31'),(85,83,2,'1987-03-19 14:19:04','1973-06-17 02:07:48','1997-02-23 15:55:46','2020-06-25 16:25:31'),(86,33,3,'2010-02-09 14:55:43','1987-05-14 10:04:54','1995-12-06 00:52:29','2020-06-25 16:25:31'),(87,10,1,'1987-02-18 21:37:08','1988-11-15 09:56:49','1994-08-05 00:33:16','2020-06-25 16:25:31'),(87,11,3,'1994-06-18 23:16:20','1983-05-06 04:45:56','1976-06-20 11:50:49','2020-06-25 16:25:31'),(87,18,2,'1991-01-08 05:44:14','1983-01-25 12:57:47','1997-01-16 16:26:40','2020-06-25 16:25:31'),(87,33,2,'2012-07-29 09:49:10','2008-05-25 03:45:56','1975-12-09 21:51:00','2020-06-25 16:25:31'),(88,18,3,'2014-11-10 14:15:26','1996-11-15 00:52:27','2014-09-18 22:32:22','2020-06-25 16:25:31'),(88,64,1,'2013-12-09 01:39:04','2004-11-10 23:58:56','1991-04-11 15:15:47','2020-06-25 16:25:31'),(89,10,1,'1990-02-21 23:55:09','2001-07-03 18:05:20','2018-07-19 13:10:48','2020-06-25 16:25:31'),(92,74,2,'1984-10-17 10:28:11','1977-03-17 04:04:11','1991-09-10 23:42:28','2020-06-25 16:25:31'),(93,71,3,'1974-12-22 18:32:19','1987-07-31 02:25:06','2016-02-16 01:31:04','2020-06-25 16:25:31'),(94,86,3,'1993-03-21 12:00:46','2011-02-01 12:59:54','1993-07-03 22:13:55','2020-06-25 16:25:31'),(96,65,1,'1971-10-18 12:50:35','2005-12-13 23:39:08','1971-04-29 12:27:38','2020-06-25 16:25:31'),(100,21,3,'1994-04-16 06:54:07','1974-05-06 11:13:22','1973-08-21 16:43:43','2020-06-25 16:25:31');
/*!40000 ALTER TABLE `friendship` ENABLE KEYS */;
UNLOCK TABLES;

--
-- Table structure for table `friendship_statuses`
--

DROP TABLE IF EXISTS `friendship_statuses`;
/*!40101 SET @saved_cs_client     = @@character_set_client */;
/*!50503 SET character_set_client = utf8mb4 */;
CREATE TABLE `friendship_statuses` (
  `id` int unsigned NOT NULL AUTO_INCREMENT COMMENT 'Идентификатор строки',
  `name` varchar(150) CHARACTER SET utf8 COLLATE utf8_unicode_ci NOT NULL COMMENT 'Название статуса',
  `created_at` datetime DEFAULT CURRENT_TIMESTAMP COMMENT 'Время создания строки',
  `updated_at` datetime DEFAULT CURRENT_TIMESTAMP ON UPDATE CURRENT_TIMESTAMP COMMENT 'Время обновления строки',
  PRIMARY KEY (`id`),
  UNIQUE KEY `name` (`name`)
) ENGINE=InnoDB AUTO_INCREMENT=4 DEFAULT CHARSET=utf8 COLLATE=utf8_unicode_ci COMMENT='Статусы дружбы';
/*!40101 SET character_set_client = @saved_cs_client */;

--
-- Dumping data for table `friendship_statuses`
--

LOCK TABLES `friendship_statuses` WRITE;
/*!40000 ALTER TABLE `friendship_statuses` DISABLE KEYS */;
INSERT INTO `friendship_statuses` VALUES (1,'accepted','2020-06-25 16:23:57','2020-06-25 16:23:57'),(2,'rejected','2020-06-25 16:23:57','2020-06-25 16:23:57'),(3,'requested','2020-06-25 16:23:57','2020-06-25 16:23:57');
/*!40000 ALTER TABLE `friendship_statuses` ENABLE KEYS */;
UNLOCK TABLES;

--
-- Table structure for table `likes`
--

DROP TABLE IF EXISTS `likes`;
/*!40101 SET @saved_cs_client     = @@character_set_client */;
/*!50503 SET character_set_client = utf8mb4 */;
CREATE TABLE `likes` (
  `id` int unsigned NOT NULL AUTO_INCREMENT,
  `user_id` int unsigned NOT NULL,
  `target_id` int unsigned NOT NULL,
  `target_type_id` int unsigned NOT NULL,
  `created_at` datetime DEFAULT CURRENT_TIMESTAMP,
  PRIMARY KEY (`id`),
  KEY `likes_user_id_fk` (`user_id`),
  KEY `likes_target_id_fk` (`target_id`),
  KEY `likes_target_type_id_fk` (`target_type_id`),
  CONSTRAINT `likes_target_type_id_fk` FOREIGN KEY (`target_type_id`) REFERENCES `target_types` (`id`),
  CONSTRAINT `likes_user_id_fk` FOREIGN KEY (`user_id`) REFERENCES `users` (`id`)
) ENGINE=InnoDB AUTO_INCREMENT=101 DEFAULT CHARSET=utf8mb4 COLLATE=utf8mb4_0900_ai_ci;
/*!40101 SET character_set_client = @saved_cs_client */;

--
-- Dumping data for table `likes`
--

LOCK TABLES `likes` WRITE;
/*!40000 ALTER TABLE `likes` DISABLE KEYS */;
INSERT INTO `likes` VALUES (1,27,2,1,'2020-07-07 11:23:21'),(2,82,81,3,'2020-07-07 11:23:21'),(3,58,75,4,'2020-07-07 11:23:21'),(4,52,70,4,'2020-07-07 11:23:21'),(5,23,26,3,'2020-07-07 11:23:21'),(6,68,30,2,'2020-07-07 11:23:21'),(7,69,73,3,'2020-07-07 11:23:21'),(8,51,79,2,'2020-07-07 11:23:21'),(9,20,8,4,'2020-07-07 11:23:21'),(10,41,82,4,'2020-07-07 11:23:21'),(11,41,67,1,'2020-07-07 11:23:21'),(12,4,18,4,'2020-07-07 11:23:21'),(13,70,55,3,'2020-07-07 11:23:21'),(14,34,28,2,'2020-07-07 11:23:21'),(15,22,31,4,'2020-07-07 11:23:21'),(16,63,39,1,'2020-07-07 11:23:21'),(17,23,35,1,'2020-07-07 11:23:21'),(18,17,21,3,'2020-07-07 11:23:21'),(19,38,23,4,'2020-07-07 11:23:21'),(20,4,61,4,'2020-07-07 11:23:21'),(21,67,55,3,'2020-07-07 11:23:21'),(22,92,46,3,'2020-07-07 11:23:21'),(23,25,6,3,'2020-07-07 11:23:21'),(24,36,73,3,'2020-07-07 11:23:21'),(25,87,73,1,'2020-07-07 11:23:21'),(26,92,17,1,'2020-07-07 11:23:21'),(27,69,78,4,'2020-07-07 11:23:21'),(28,32,50,3,'2020-07-07 11:23:21'),(29,80,45,4,'2020-07-07 11:23:21'),(30,55,70,4,'2020-07-07 11:23:21'),(31,59,75,1,'2020-07-07 11:23:21'),(32,84,97,2,'2020-07-07 11:23:21'),(33,12,41,3,'2020-07-07 11:23:21'),(34,19,50,4,'2020-07-07 11:23:21'),(35,37,89,2,'2020-07-07 11:23:21'),(36,53,1,2,'2020-07-07 11:23:21'),(37,28,9,3,'2020-07-07 11:23:21'),(38,68,29,2,'2020-07-07 11:23:21'),(39,47,4,4,'2020-07-07 11:23:21'),(40,26,19,1,'2020-07-07 11:23:21'),(41,68,52,3,'2020-07-07 11:23:21'),(42,15,16,2,'2020-07-07 11:23:21'),(43,24,63,2,'2020-07-07 11:23:21'),(44,73,65,1,'2020-07-07 11:23:21'),(45,61,39,1,'2020-07-07 11:23:21'),(46,53,73,1,'2020-07-07 11:23:21'),(47,74,85,1,'2020-07-07 11:23:21'),(48,10,83,4,'2020-07-07 11:23:21'),(49,73,90,2,'2020-07-07 11:23:21'),(50,56,72,4,'2020-07-07 11:23:21'),(51,59,67,3,'2020-07-07 11:23:21'),(52,53,47,3,'2020-07-07 11:23:21'),(53,13,43,4,'2020-07-07 11:23:21'),(54,99,61,1,'2020-07-07 11:23:21'),(55,87,82,2,'2020-07-07 11:23:21'),(56,48,68,4,'2020-07-07 11:23:21'),(57,15,20,3,'2020-07-07 11:23:21'),(58,46,64,4,'2020-07-07 11:23:21'),(59,49,62,3,'2020-07-07 11:23:21'),(60,93,21,2,'2020-07-07 11:23:21'),(61,4,47,1,'2020-07-07 11:23:21'),(62,62,58,1,'2020-07-07 11:23:21'),(63,73,78,3,'2020-07-07 11:23:21'),(64,31,49,3,'2020-07-07 11:23:21'),(65,23,96,1,'2020-07-07 11:23:21'),(66,60,65,2,'2020-07-07 11:23:21'),(67,83,99,2,'2020-07-07 11:23:21'),(68,93,59,1,'2020-07-07 11:23:21'),(69,26,100,1,'2020-07-07 11:23:21'),(70,21,42,2,'2020-07-07 11:23:21'),(71,34,4,1,'2020-07-07 11:23:21'),(72,20,70,4,'2020-07-07 11:23:21'),(73,6,71,2,'2020-07-07 11:23:21'),(74,21,92,4,'2020-07-07 11:23:21'),(75,11,61,3,'2020-07-07 11:23:21'),(76,76,26,1,'2020-07-07 11:23:21'),(77,30,23,1,'2020-07-07 11:23:21'),(78,19,45,3,'2020-07-07 11:23:21'),(79,20,32,4,'2020-07-07 11:23:21'),(80,82,75,2,'2020-07-07 11:23:21'),(81,1,5,1,'2020-07-07 11:23:21'),(82,6,50,2,'2020-07-07 11:23:21'),(83,89,53,4,'2020-07-07 11:23:21'),(84,48,21,3,'2020-07-07 11:23:21'),(85,73,12,2,'2020-07-07 11:23:21'),(86,76,32,2,'2020-07-07 11:23:21'),(87,46,50,1,'2020-07-07 11:23:21'),(88,79,89,1,'2020-07-07 11:23:21'),(89,59,3,2,'2020-07-07 11:23:21'),(90,14,31,1,'2020-07-07 11:23:21'),(91,61,76,4,'2020-07-07 11:23:21'),(92,36,99,4,'2020-07-07 11:23:21'),(93,81,20,3,'2020-07-07 11:23:21'),(94,10,73,2,'2020-07-07 11:23:21'),(95,39,29,2,'2020-07-07 11:23:21'),(96,88,38,1,'2020-07-07 11:23:21'),(97,75,9,1,'2020-07-07 11:23:21'),(98,31,23,1,'2020-07-07 11:23:21'),(99,71,15,3,'2020-07-07 11:23:21'),(100,7,40,4,'2020-07-07 11:23:21');
/*!40000 ALTER TABLE `likes` ENABLE KEYS */;
UNLOCK TABLES;

--
-- Table structure for table `media`
--

DROP TABLE IF EXISTS `media`;
/*!40101 SET @saved_cs_client     = @@character_set_client */;
/*!50503 SET character_set_client = utf8mb4 */;
CREATE TABLE `media` (
  `id` int unsigned NOT NULL AUTO_INCREMENT COMMENT 'Идентификатор строки',
  `user_id` int unsigned NOT NULL COMMENT 'Ссылка на пользователя, который загрузил файл',
  `filename` varchar(255) CHARACTER SET utf8 COLLATE utf8_unicode_ci NOT NULL COMMENT 'Путь к файлу',
  `size` int NOT NULL COMMENT 'Размер файла',
  `metadata` json DEFAULT NULL,
  `media_type_id` int unsigned NOT NULL COMMENT 'Ссылка на тип контента',
  `created_at` datetime DEFAULT CURRENT_TIMESTAMP COMMENT 'Время создания строки',
  `updated_at` datetime DEFAULT CURRENT_TIMESTAMP ON UPDATE CURRENT_TIMESTAMP COMMENT 'Время обновления строки',
  PRIMARY KEY (`id`),
  KEY `media_users_id_fk` (`user_id`),
  KEY `media_media_types_id_fk` (`media_type_id`),
  CONSTRAINT `media_media_types_id_fk` FOREIGN KEY (`media_type_id`) REFERENCES `media_types` (`id`),
  CONSTRAINT `media_users_id_fk` FOREIGN KEY (`user_id`) REFERENCES `users` (`id`),
  CONSTRAINT `media_chk_1` CHECK (json_valid(`metadata`))
) ENGINE=InnoDB AUTO_INCREMENT=101 DEFAULT CHARSET=utf8 COLLATE=utf8_unicode_ci COMMENT='Медиафайлы';
/*!40101 SET character_set_client = @saved_cs_client */;

--
-- Dumping data for table `media`
--

LOCK TABLES `media` WRITE;
/*!40000 ALTER TABLE `media` DISABLE KEYS */;
INSERT INTO `media` VALUES (1,16,'https://dropbox/vkqui.jpeg',17748,'{\"owner\": \"Rafael Tillman\"}',1,'1980-09-24 21:09:09','2020-06-25 16:17:26'),(2,80,'https://dropbox/vket.png',14194974,'{\"owner\": \"Jensen Muller\"}',2,'1977-12-14 04:56:45','2020-06-25 16:17:26'),(3,52,'https://dropbox/vkvoluptatem.avi',16331,'{\"owner\": \"Titus Reichel\"}',2,'2006-03-31 13:20:29','2020-06-25 16:17:26'),(4,21,'https://dropbox/vkratione.png',18409,'{\"owner\": \"Tierra Beier\"}',2,'1971-08-05 22:41:45','2020-06-25 16:17:26'),(5,9,'https://dropbox/vkreprehenderit.jpeg',13055,'{\"owner\": \"Ivah Kuhlman\"}',3,'1978-03-31 01:11:12','2020-06-25 16:17:26'),(6,32,'https://dropbox/vkminus.png',2077328,'{\"owner\": \"Maggie Tremblay\"}',3,'2008-09-17 07:30:56','2020-06-25 16:17:26'),(7,66,'https://dropbox/vkminima.avi',820806986,'{\"owner\": \"Clara Macejkovic\"}',2,'1992-03-08 10:41:09','2020-06-25 16:17:26'),(8,50,'https://dropbox/vkaut.png',1794,'{\"owner\": \"Vada Hayes\"}',3,'1994-11-07 18:48:44','2020-06-25 16:17:26'),(9,89,'https://dropbox/vkomnis.png',10049,'{\"owner\": \"Odie McGlynn\"}',3,'1983-10-12 06:45:22','2020-06-25 16:17:26'),(10,54,'https://dropbox/vkmolestias.avi',80249,'{\"owner\": \"Hunter Heathcote\"}',2,'1985-11-15 05:31:06','2020-06-25 16:17:26'),(11,3,'https://dropbox/vkerror.avi',89101,'{\"owner\": \"Clark Stanton\"}',1,'1989-08-06 08:48:42','2020-06-25 16:17:26'),(12,25,'https://dropbox/vkrepellendus.mpeg',2294,'{\"owner\": \"Nickolas Rohan\"}',3,'2013-02-27 05:08:56','2020-06-25 16:17:26'),(13,65,'https://dropbox/vkfacilis.jpeg',11080,'{\"owner\": \"Vern Reichel\"}',1,'2020-03-10 12:52:54','2020-06-25 16:17:26'),(14,41,'https://dropbox/vklaudantium.mpeg',2443,'{\"owner\": \"Kaylah Wolf\"}',1,'2005-06-11 02:24:21','2020-06-25 16:17:26'),(15,17,'https://dropbox/vkid.mpeg',64399030,'{\"owner\": \"Lempi Yost\"}',3,'2019-02-16 12:13:22','2020-06-25 16:17:26'),(16,33,'https://dropbox/vkipsum.png',15254,'{\"owner\": \"Gregg Reilly\"}',1,'2015-07-07 01:37:14','2020-06-25 16:17:26'),(17,32,'https://dropbox/vkvoluptatem.mpeg',13031,'{\"owner\": \"Maggie Tremblay\"}',1,'2012-08-31 21:57:09','2020-06-25 16:17:26'),(18,53,'https://dropbox/vkincidunt.mpeg',19392,'{\"owner\": \"Citlalli Homenick\"}',2,'1971-10-28 10:26:52','2020-06-25 16:17:26'),(19,15,'https://dropbox/vksed.jpeg',17868,'{\"owner\": \"Dario Wilkinson\"}',3,'2019-09-30 21:38:15','2020-06-25 16:17:26'),(20,28,'https://dropbox/vkducimus.png',21552,'{\"owner\": \"Taylor Herzog\"}',3,'1995-08-25 04:42:18','2020-06-25 16:17:26'),(21,40,'https://dropbox/vksimilique.mpeg',1224,'{\"owner\": \"Hermann McLaughlin\"}',2,'2007-01-31 07:50:58','2020-06-25 16:17:26'),(22,35,'https://dropbox/vkminima.mpeg',13987,'{\"owner\": \"General Yost\"}',1,'1981-06-04 10:42:53','2020-06-25 16:17:26'),(23,15,'https://dropbox/vket.png',551259,'{\"owner\": \"Dario Wilkinson\"}',2,'2002-11-25 22:44:11','2020-06-25 16:17:26'),(24,65,'https://dropbox/vkodio.avi',11166,'{\"owner\": \"Vern Reichel\"}',3,'1992-05-05 22:52:25','2020-06-25 16:17:26'),(25,7,'https://dropbox/vkvitae.jpeg',8441,'{\"owner\": \"Creola Lemke\"}',2,'2008-11-14 03:18:51','2020-06-25 16:17:26'),(26,97,'https://dropbox/vkeveniet.mpeg',186012,'{\"owner\": \"Vilma Howe\"}',2,'2019-12-03 12:29:59','2020-06-25 16:17:26'),(27,39,'https://dropbox/vkprovident.mpeg',7526,'{\"owner\": \"Austin King\"}',3,'1984-10-08 23:36:07','2020-06-25 16:17:26'),(28,13,'https://dropbox/vkamet.jpeg',256898,'{\"owner\": \"Zita Thiel\"}',3,'2010-01-31 05:17:29','2020-06-25 16:17:26'),(29,9,'https://dropbox/vkalias.avi',4618,'{\"owner\": \"Ivah Kuhlman\"}',1,'2005-07-01 09:26:16','2020-06-25 16:17:26'),(30,4,'https://dropbox/vktemporibus.avi',47534,'{\"owner\": \"Elian Harris\"}',2,'2014-02-14 19:26:01','2020-06-25 16:17:26'),(31,98,'https://dropbox/vkreiciendis.mpeg',12227,'{\"owner\": \"Jaylon Hodkiewicz\"}',1,'1988-08-01 21:38:08','2020-06-25 16:17:26'),(32,24,'https://dropbox/vkodit.mpeg',17635,'{\"owner\": \"Gino Kreiger\"}',2,'2007-01-31 07:29:20','2020-06-25 16:17:26'),(33,83,'https://dropbox/vkut.avi',58350,'{\"owner\": \"Arnoldo Treutel\"}',1,'1993-02-01 16:29:48','2020-06-25 16:17:26'),(34,49,'https://dropbox/vkipsam.png',11497,'{\"owner\": \"Alek Herzog\"}',1,'1972-03-10 19:03:29','2020-06-25 16:17:26'),(35,45,'https://dropbox/vknam.avi',14580,'{\"owner\": \"Deron Reilly\"}',1,'1996-07-24 23:14:46','2020-06-25 16:17:26'),(36,92,'https://dropbox/vket.jpeg',78981,'{\"owner\": \"Herminio Osinski\"}',1,'2005-10-31 23:39:56','2020-06-25 16:17:26'),(37,81,'https://dropbox/vkvoluptatem.avi',5060,'{\"owner\": \"Ashtyn Little\"}',3,'1999-12-31 05:06:14','2020-06-25 16:17:26'),(38,10,'https://dropbox/vkiure.jpeg',251118,'{\"owner\": \"Jody Schoen\"}',1,'1980-01-10 13:35:07','2020-06-25 16:17:26'),(39,41,'https://dropbox/vkrepudiandae.png',599517,'{\"owner\": \"Kaylah Wolf\"}',2,'1993-04-20 06:08:26','2020-06-25 16:17:26'),(40,69,'https://dropbox/vket.png',1101,'{\"owner\": \"Darion Moen\"}',3,'1998-10-30 04:01:42','2020-06-25 16:17:26'),(41,64,'https://dropbox/vkconsequatur.png',40915201,'{\"owner\": \"Garret Ledner\"}',3,'1975-01-26 13:14:16','2020-06-25 16:17:26'),(42,43,'https://dropbox/vkvelit.avi',18409,'{\"owner\": \"Salma Strosin\"}',2,'2018-03-28 21:56:51','2020-06-25 16:17:26'),(43,94,'https://dropbox/vkquibusdam.png',5820,'{\"owner\": \"Eva Gerhold\"}',1,'2016-05-21 14:07:21','2020-06-25 16:17:26'),(44,28,'https://dropbox/vkvoluptatibus.mpeg',18306,'{\"owner\": \"Taylor Herzog\"}',1,'1991-11-21 06:14:48','2020-06-25 16:17:26'),(45,83,'https://dropbox/vkpariatur.avi',1735,'{\"owner\": \"Arnoldo Treutel\"}',3,'2001-05-18 07:55:13','2020-06-25 16:17:26'),(46,11,'https://dropbox/vkratione.mpeg',37161070,'{\"owner\": \"Arnulfo Conn\"}',1,'1975-11-19 01:59:39','2020-06-25 16:17:26'),(47,61,'https://dropbox/vksuscipit.jpeg',8560,'{\"owner\": \"Bud Gleason\"}',2,'2002-06-07 13:01:36','2020-06-25 16:17:26'),(48,14,'https://dropbox/vkdolores.avi',16301,'{\"owner\": \"Jayda Cartwright\"}',2,'1971-01-10 21:18:33','2020-06-25 16:17:26'),(49,63,'https://dropbox/vkeius.jpeg',16591,'{\"owner\": \"Marques Robel\"}',1,'1999-10-04 06:54:35','2020-06-25 16:17:26'),(50,76,'https://dropbox/vkdolorum.jpeg',920561,'{\"owner\": \"Kali Stroman\"}',2,'1971-06-26 00:58:39','2020-06-25 16:17:26'),(51,41,'https://dropbox/vkillo.avi',14049,'{\"owner\": \"Kaylah Wolf\"}',1,'1999-05-06 11:57:48','2020-06-25 16:17:26'),(52,3,'https://dropbox/vkcum.mpeg',260767,'{\"owner\": \"Clark Stanton\"}',2,'1984-05-16 10:11:43','2020-06-25 16:17:26'),(53,10,'https://dropbox/vkquam.png',34556,'{\"owner\": \"Jody Schoen\"}',2,'2003-04-04 16:21:14','2020-06-25 16:17:26'),(54,56,'https://dropbox/vknihil.jpeg',10475,'{\"owner\": \"Asia Kuphal\"}',2,'1995-08-26 04:35:30','2020-06-25 16:17:26'),(55,68,'https://dropbox/vkquas.avi',10227,'{\"owner\": \"Terrance Herman\"}',1,'1985-02-07 14:02:44','2020-06-25 16:17:26'),(56,17,'https://dropbox/vket.avi',8751365,'{\"owner\": \"Lempi Yost\"}',1,'1997-12-01 21:58:23','2020-06-25 16:17:26'),(57,52,'https://dropbox/vklaborum.png',30620,'{\"owner\": \"Titus Reichel\"}',3,'2018-06-04 09:00:36','2020-06-25 16:17:26'),(58,7,'https://dropbox/vkdolor.mpeg',19711,'{\"owner\": \"Creola Lemke\"}',2,'1984-08-03 15:56:45','2020-06-25 16:17:26'),(59,29,'https://dropbox/vkeum.avi',71513,'{\"owner\": \"Alan Prohaska\"}',2,'1990-11-01 21:39:31','2020-06-25 16:17:26'),(60,60,'https://dropbox/vkreprehenderit.jpeg',38961833,'{\"owner\": \"Odie McKenzie\"}',3,'2008-04-28 01:14:01','2020-06-25 16:17:26'),(61,10,'https://dropbox/vksint.jpeg',41828,'{\"owner\": \"Jody Schoen\"}',1,'2012-07-15 09:12:43','2020-06-25 16:17:26'),(62,27,'https://dropbox/vkea.jpeg',17876,'{\"owner\": \"Dave Goodwin\"}',1,'1976-07-27 15:45:57','2020-06-25 16:17:26'),(63,83,'https://dropbox/vknon.jpeg',11062,'{\"owner\": \"Arnoldo Treutel\"}',1,'1991-06-06 02:27:25','2020-06-25 16:17:26'),(64,93,'https://dropbox/vkfacere.jpeg',10246,'{\"owner\": \"Kurtis Kemmer\"}',3,'1970-06-04 03:13:06','2020-06-25 16:17:26'),(65,75,'https://dropbox/vkrepellendus.mpeg',17604,'{\"owner\": \"Mae Kreiger\"}',3,'1984-05-20 23:58:11','2020-06-25 16:17:26'),(66,27,'https://dropbox/vkreiciendis.avi',4705974,'{\"owner\": \"Dave Goodwin\"}',3,'2012-01-06 12:25:34','2020-06-25 16:17:26'),(67,84,'https://dropbox/vksunt.png',3504,'{\"owner\": \"Jeramy Yundt\"}',3,'1992-12-04 15:39:55','2020-06-25 16:17:26'),(68,55,'https://dropbox/vkdeleniti.avi',12840275,'{\"owner\": \"Thurman Rodriguez\"}',2,'2001-04-25 04:11:22','2020-06-25 16:17:26'),(69,37,'https://dropbox/vkenim.mpeg',743495008,'{\"owner\": \"Katlynn Schoen\"}',3,'1976-12-05 10:56:06','2020-06-25 16:17:26'),(70,24,'https://dropbox/vksequi.png',11939,'{\"owner\": \"Gino Kreiger\"}',2,'2016-08-06 20:31:21','2020-06-25 16:17:26'),(71,24,'https://dropbox/vknam.mpeg',17281,'{\"owner\": \"Gino Kreiger\"}',3,'1984-01-15 23:47:23','2020-06-25 16:17:26'),(72,100,'https://dropbox/vkest.jpeg',13594,'{\"owner\": \"Suzanne West\"}',1,'1971-08-11 12:20:55','2020-06-25 16:17:26'),(73,66,'https://dropbox/vkdoloremque.jpeg',16127,'{\"owner\": \"Clara Macejkovic\"}',2,'2011-07-11 11:23:20','2020-06-25 16:17:26'),(74,17,'https://dropbox/vkiure.mpeg',19854,'{\"owner\": \"Lempi Yost\"}',3,'1985-06-10 09:44:16','2020-06-25 16:17:26'),(75,28,'https://dropbox/vkreiciendis.avi',884397574,'{\"owner\": \"Taylor Herzog\"}',3,'2016-12-05 15:52:29','2020-06-25 16:17:26'),(76,49,'https://dropbox/vkdignissimos.mpeg',10890,'{\"owner\": \"Alek Herzog\"}',2,'2003-02-06 11:30:03','2020-06-25 16:17:26'),(77,27,'https://dropbox/vkaut.png',19392423,'{\"owner\": \"Dave Goodwin\"}',3,'1993-10-21 06:19:26','2020-06-25 16:17:26'),(78,89,'https://dropbox/vkmagni.png',4136,'{\"owner\": \"Odie McGlynn\"}',2,'2013-01-20 03:22:14','2020-06-25 16:17:26'),(79,62,'https://dropbox/vkperferendis.jpeg',61827887,'{\"owner\": \"Jaiden Bechtelar\"}',2,'1985-03-30 11:57:05','2020-06-25 16:17:26'),(80,90,'https://dropbox/vkpraesentium.png',1930,'{\"owner\": \"Samara Hyatt\"}',1,'1974-10-12 00:56:54','2020-06-25 16:17:26'),(81,64,'https://dropbox/vkdeleniti.png',14889,'{\"owner\": \"Garret Ledner\"}',3,'2018-06-06 11:40:39','2020-06-25 16:17:26'),(82,3,'https://dropbox/vksaepe.avi',17627123,'{\"owner\": \"Clark Stanton\"}',2,'2014-06-30 01:27:13','2020-06-25 16:17:26'),(83,92,'https://dropbox/vkdeleniti.png',8173768,'{\"owner\": \"Herminio Osinski\"}',1,'1993-02-14 04:00:43','2020-06-25 16:17:26'),(84,74,'https://dropbox/vket.png',32164,'{\"owner\": \"Bonita Rutherford\"}',1,'2015-11-22 03:05:49','2020-06-25 16:17:26'),(85,58,'https://dropbox/vkquia.png',1295965,'{\"owner\": \"Francisca Zieme\"}',2,'1998-07-01 13:35:07','2020-06-25 16:17:26'),(86,60,'https://dropbox/vkqui.avi',337066,'{\"owner\": \"Odie McKenzie\"}',3,'1976-02-14 02:53:19','2020-06-25 16:17:26'),(87,91,'https://dropbox/vkqui.avi',33334558,'{\"owner\": \"Johnathon Purdy\"}',2,'1981-10-16 15:28:08','2020-06-25 16:17:26'),(88,10,'https://dropbox/vkvoluptatem.png',4683,'{\"owner\": \"Jody Schoen\"}',3,'1992-02-13 07:44:00','2020-06-25 16:17:26'),(89,66,'https://dropbox/vksuscipit.avi',11775,'{\"owner\": \"Clara Macejkovic\"}',3,'2015-10-09 11:13:05','2020-06-25 16:17:26'),(90,19,'https://dropbox/vka.avi',14209,'{\"owner\": \"Shanelle Stiedemann\"}',1,'1990-03-04 14:45:01','2020-06-25 16:17:26'),(91,69,'https://dropbox/vkrepellendus.avi',5488,'{\"owner\": \"Darion Moen\"}',3,'1992-11-26 22:05:06','2020-06-25 16:17:26'),(92,75,'https://dropbox/vkvoluptatem.png',15721,'{\"owner\": \"Mae Kreiger\"}',2,'1988-06-27 03:59:31','2020-06-25 16:17:26'),(93,45,'https://dropbox/vkprovident.jpeg',15976,'{\"owner\": \"Deron Reilly\"}',1,'1989-03-08 20:31:54','2020-06-25 16:17:26'),(94,52,'https://dropbox/vkrepudiandae.mpeg',12720,'{\"owner\": \"Titus Reichel\"}',2,'1986-01-02 09:22:49','2020-06-25 16:17:26'),(95,68,'https://dropbox/vkminima.jpeg',15670,'{\"owner\": \"Terrance Herman\"}',2,'1974-10-06 23:47:41','2020-06-25 16:17:26'),(96,20,'https://dropbox/vkqui.avi',6151789,'{\"owner\": \"Annabel Johnson\"}',3,'1981-04-29 10:58:56','2020-06-25 16:17:26'),(97,79,'https://dropbox/vkeligendi.avi',10193,'{\"owner\": \"Stuart Schmeler\"}',1,'2014-09-21 07:51:12','2020-06-25 16:17:26'),(98,51,'https://dropbox/vkasperiores.mpeg',1976,'{\"owner\": \"Sandy Bailey\"}',1,'1988-05-24 01:09:37','2020-06-25 16:17:26'),(99,75,'https://dropbox/vket.jpeg',13956,'{\"owner\": \"Mae Kreiger\"}',1,'1988-07-21 19:36:45','2020-06-25 16:17:26'),(100,15,'https://dropbox/vkpariatur.jpeg',3457,'{\"owner\": \"Dario Wilkinson\"}',2,'2004-02-16 21:55:42','2020-06-25 16:17:26');
/*!40000 ALTER TABLE `media` ENABLE KEYS */;
UNLOCK TABLES;

--
-- Table structure for table `media_types`
--

DROP TABLE IF EXISTS `media_types`;
/*!40101 SET @saved_cs_client     = @@character_set_client */;
/*!50503 SET character_set_client = utf8mb4 */;
CREATE TABLE `media_types` (
  `id` int unsigned NOT NULL AUTO_INCREMENT COMMENT 'Идентификатор строки',
  `name` varchar(255) CHARACTER SET utf8 COLLATE utf8_unicode_ci NOT NULL COMMENT 'Название типа',
  `created_at` datetime DEFAULT CURRENT_TIMESTAMP COMMENT 'Время создания строки',
  `updated_at` datetime DEFAULT CURRENT_TIMESTAMP ON UPDATE CURRENT_TIMESTAMP COMMENT 'Время обновления строки',
  PRIMARY KEY (`id`),
  UNIQUE KEY `name` (`name`)
) ENGINE=InnoDB AUTO_INCREMENT=4 DEFAULT CHARSET=utf8 COLLATE=utf8_unicode_ci COMMENT='Типы медиафайлов';
/*!40101 SET character_set_client = @saved_cs_client */;

--
-- Dumping data for table `media_types`
--

LOCK TABLES `media_types` WRITE;
/*!40000 ALTER TABLE `media_types` DISABLE KEYS */;
INSERT INTO `media_types` VALUES (1,'photo','2020-06-25 16:08:22','2020-06-25 16:08:22'),(2,'video','2020-06-25 16:08:22','2020-06-25 16:08:22'),(3,'audio','2020-06-25 16:08:22','2020-06-25 16:08:22');
/*!40000 ALTER TABLE `media_types` ENABLE KEYS */;
UNLOCK TABLES;

--
-- Table structure for table `messages`
--

DROP TABLE IF EXISTS `messages`;
/*!40101 SET @saved_cs_client     = @@character_set_client */;
/*!50503 SET character_set_client = utf8mb4 */;
CREATE TABLE `messages` (
  `id` int unsigned NOT NULL AUTO_INCREMENT COMMENT 'Идентификатор строки',
  `from_user_id` int unsigned NOT NULL COMMENT 'Ссылка на отправителя сообщения',
  `to_user_id` int unsigned NOT NULL COMMENT 'Ссылка на получателя сообщения',
  `body` text CHARACTER SET utf8 COLLATE utf8_unicode_ci NOT NULL COMMENT 'Текст сообщения',
  `is_important` tinyint(1) DEFAULT NULL COMMENT 'Признак важности',
  `is_delivered` tinyint(1) DEFAULT NULL COMMENT 'Признак доставки',
  `created_at` datetime DEFAULT CURRENT_TIMESTAMP COMMENT 'Время создания строки',
  `updated_at` datetime DEFAULT CURRENT_TIMESTAMP ON UPDATE CURRENT_TIMESTAMP COMMENT 'Время обновления строки',
  PRIMARY KEY (`id`),
  KEY `messages_from_user_id_fk` (`from_user_id`),
  KEY `messages_to_user_id_fk` (`to_user_id`),
  CONSTRAINT `messages_from_user_id_fk` FOREIGN KEY (`from_user_id`) REFERENCES `users` (`id`),
  CONSTRAINT `messages_to_user_id_fk` FOREIGN KEY (`to_user_id`) REFERENCES `users` (`id`)
) ENGINE=InnoDB AUTO_INCREMENT=101 DEFAULT CHARSET=utf8 COLLATE=utf8_unicode_ci COMMENT='Сообщения';
/*!40101 SET character_set_client = @saved_cs_client */;

--
-- Dumping data for table `messages`
--

LOCK TABLES `messages` WRITE;
/*!40000 ALTER TABLE `messages` DISABLE KEYS */;
INSERT INTO `messages` VALUES (1,39,41,'Fugit atque recusandae a sunt atque magnam omnis. Ea eius rerum soluta temporibus qui iusto at sit. Aut at in mollitia aut ut.',0,1,'1996-04-19 10:27:10','2014-03-15 11:48:13'),(2,59,12,'Et est sapiente iusto in quae. Suscipit magni quaerat voluptatum odio. Autem sed sint nisi voluptatem nihil. Dolore reiciendis corporis asperiores cumque animi.',1,0,'2015-04-19 19:57:16','2020-06-25 16:01:52'),(3,34,19,'Perspiciatis quibusdam dolorum suscipit cum ut at. Provident iure magni ut non illum quas nihil. Quae consequatur rerum dolorem velit commodi et quia commodi.',1,1,'2004-11-16 07:09:29','2020-06-25 16:01:52'),(4,53,29,'Nobis aliquid cupiditate reprehenderit sit. Deserunt eligendi minus quia ut doloremque et sit. Illum molestias blanditiis quia qui quam dolor incidunt. Aliquid quas minima provident inventore in.',0,0,'1983-04-04 03:11:24','2020-06-25 16:01:52'),(5,29,79,'Magnam dolorem doloremque dolor consequuntur dolore eos. Earum rerum sit cum nam recusandae sunt corrupti. Consequatur quis ex nihil. Quis perspiciatis quae est dolorem exercitationem non sint corrupti.',0,1,'1989-01-09 01:31:32','2020-06-25 16:01:52'),(6,95,76,'Velit nam nisi dolorem voluptatem veniam exercitationem vel. Nihil quae nisi ipsum voluptatem quasi. Quis suscipit iure ut nulla ducimus aut fuga.',0,0,'1983-10-06 02:19:14','1990-06-24 07:47:11'),(7,92,19,'Facilis et et laudantium sequi praesentium assumenda minus. Incidunt maxime error praesentium adipisci. Excepturi esse nostrum mollitia in. Ea voluptas modi quos eveniet.',1,0,'1973-06-30 13:29:30','2004-01-26 23:28:21'),(8,55,8,'Aliquid enim quia enim id dignissimos at quis. Fugiat cum dolores quae doloribus libero. Illum necessitatibus nihil eveniet quae dolores nesciunt nesciunt. Omnis et quasi odio natus.',0,0,'1974-07-21 16:49:22','1998-04-02 04:37:00'),(9,17,9,'Ad deleniti ut et eaque distinctio nobis deleniti. Nemo incidunt doloribus iure tempora voluptatibus. Reiciendis adipisci cumque atque laborum reiciendis. Ullam molestias qui dicta maiores.',0,0,'1984-11-12 16:41:38','1993-10-10 14:14:14'),(10,35,31,'Blanditiis adipisci voluptates vitae quia qui. Earum et vel omnis ut. Pariatur eos tempore aliquam dicta exercitationem. Amet autem magnam quo aut deleniti modi maxime.',0,0,'1974-05-26 01:50:45','1984-05-02 10:42:06'),(11,97,93,'Placeat beatae officia voluptates consequatur. Sit nam accusamus quis illum. Architecto esse est fugiat natus fugit.',0,1,'2020-03-01 20:17:17','2020-06-25 16:01:52'),(12,75,84,'Quam temporibus voluptates corporis nesciunt quos eveniet atque quia. Fugit voluptates culpa quidem qui quidem ut dolore enim. Et ut maxime amet ipsa quas possimus. Hic est modi nihil laboriosam. Exercitationem et sunt laudantium expedita.',0,0,'1988-03-20 12:22:44','2005-10-29 06:29:11'),(13,52,10,'Earum est labore dolores sint qui. Iure impedit et sequi velit minima ut illum porro.',1,0,'2008-03-20 09:58:36','2020-06-25 16:01:52'),(14,5,9,'Et et ut iste ut tempora voluptas et suscipit. Consequatur ipsa recusandae autem recusandae. Beatae non et possimus delectus. Quam vel qui fugiat.',0,0,'1984-04-17 18:40:15','2013-07-22 13:52:31'),(15,39,89,'Fuga recusandae et eum omnis nihil voluptate ad placeat. Qui enim minus et est dolorem commodi ad voluptas. In voluptatum doloremque laborum officia. Sed autem aut vero et.',0,0,'1991-07-31 11:26:58','2012-05-15 17:37:45'),(16,39,78,'Dolorem alias aut repellat repellat sit harum animi reiciendis. Et quia ab non aut qui est ex. Cumque iusto voluptate repellat aut ex. Nobis neque explicabo et. Vel possimus eum voluptatem eligendi.',0,1,'1985-03-16 19:50:53','2011-06-21 02:57:36'),(17,29,98,'Hic esse perferendis dolore voluptas ut velit. Rem voluptatum dolore explicabo laborum repellendus. Aperiam iure adipisci corrupti repudiandae fuga vel voluptatem cumque. Consequatur iusto possimus ut non eligendi.',0,1,'1994-12-31 19:14:05','1998-08-25 03:48:05'),(18,90,63,'Alias enim molestiae laborum sit eius eaque nesciunt molestiae. Omnis libero omnis et repellendus. Ut ea dignissimos in alias. Et et voluptas assumenda inventore neque.',0,0,'1978-12-11 12:22:46','1989-08-18 13:57:43'),(19,16,42,'Minima vitae quo libero. Ipsa consectetur nostrum in velit quo. Vero esse unde animi velit sint modi.',1,1,'1993-03-26 09:35:18','1995-04-26 18:40:33'),(20,91,45,'Ut dolores non eum maxime. Enim est mollitia omnis qui. Molestiae perspiciatis voluptas quia et quisquam commodi consequuntur. Sed soluta quis suscipit quod totam adipisci animi.',1,1,'1975-01-10 17:32:04','1990-07-27 10:25:50'),(21,21,85,'Dolorem dolor neque magni praesentium nemo molestias reiciendis. Ipsa velit eos ipsum harum incidunt reprehenderit voluptas. Ipsum nulla neque quis aut cum fuga.',0,1,'1982-06-09 19:51:24','2013-08-05 22:35:20'),(22,21,13,'Magnam vel quidem quia ea. Rem impedit repellendus eos id eaque ipsa aperiam. Voluptatem inventore autem perspiciatis saepe sed quidem vitae. Nihil ut id dolore odit voluptatem ut aut.',0,1,'1978-12-10 04:26:27','1997-12-16 20:52:07'),(23,4,75,'Ipsa dolore veritatis beatae natus est. Distinctio qui aut inventore aperiam aut doloribus. Veritatis consectetur accusamus labore pariatur recusandae. Tempore id atque sit est quas expedita.',0,0,'2014-08-06 23:15:08','2020-06-25 16:01:52'),(24,20,20,'Eos voluptates error ullam. Placeat sunt reiciendis quidem sed ut. Aut tempore qui dolor rem non alias id. Quaerat voluptate aut voluptas.',0,0,'1997-11-08 12:20:46','2011-04-28 13:55:15'),(25,83,55,'Non nihil quibusdam quia vero voluptatibus architecto maiores. Tempore ea qui in quisquam. Aut molestiae sint est ad.',0,1,'2003-02-12 14:31:22','2016-05-22 15:08:07'),(26,51,80,'Iste dolore sunt qui non. Voluptas incidunt impedit ipsam nemo id autem necessitatibus ducimus. Culpa nesciunt ab omnis ipsam accusamus sit blanditiis.',1,1,'2000-02-20 21:16:02','2020-06-25 16:01:52'),(27,48,26,'Minus quam suscipit minima. In placeat et porro sit. Consequatur architecto sequi voluptas inventore. Placeat quo nostrum eius tempora explicabo.',0,1,'2017-05-26 17:54:08','2017-12-24 00:23:55'),(28,63,99,'Voluptatem architecto voluptas deleniti pariatur similique ut. Laboriosam iusto quia quae qui molestiae vero hic. Dolorem et vel eos omnis perferendis nostrum eum. Quibusdam dolorum omnis a incidunt et.',1,0,'1983-01-22 03:50:48','2013-04-06 23:31:08'),(29,35,68,'Voluptates officiis officiis rerum voluptas voluptas ut repellendus. Quis qui amet eos explicabo sit ratione. Non qui ex ut incidunt rerum maxime.',0,0,'2014-08-21 13:48:37','2018-10-05 05:47:17'),(30,7,74,'Beatae ab voluptas sed impedit nihil. Iusto rem voluptatibus maiores laboriosam dolores magnam. Minus aut eum eius laudantium.',0,0,'1995-10-04 02:11:56','2019-06-18 12:26:06'),(31,56,46,'Sunt excepturi hic et culpa quidem. Voluptates fugiat non nostrum qui provident et. Enim animi ex excepturi temporibus est officia.',1,0,'1972-10-15 09:56:27','2001-10-10 05:20:13'),(32,51,85,'Quaerat ut tempora laboriosam consectetur. Corrupti rem voluptatem iste omnis reiciendis. Magnam similique sint iusto esse qui illo assumenda provident.',1,0,'1982-11-13 15:11:50','2020-06-25 16:01:52'),(33,43,40,'Dicta suscipit exercitationem aliquid a et quaerat odio dolores. Voluptates repellendus temporibus expedita accusamus impedit. Error itaque ad omnis non omnis.',1,0,'1990-04-07 17:16:28','2020-06-25 16:01:52'),(34,47,59,'Facilis in repudiandae ex rerum eum qui qui. A nulla nesciunt asperiores iure quibusdam ab. In distinctio dolorem quia laboriosam.',0,0,'1987-09-02 09:52:28','2020-06-25 16:01:52'),(35,81,38,'Quis architecto consequatur qui aut earum. Sed libero omnis temporibus esse. Earum debitis quo repellendus aperiam minus.',0,0,'2013-11-20 00:45:37','2018-11-07 11:43:19'),(36,4,2,'Rem sed rerum et delectus reiciendis. Voluptate rerum repudiandae saepe ratione nam. Eius libero ut distinctio quidem.',0,1,'2007-01-09 14:48:24','2020-06-25 16:01:52'),(37,23,24,'Velit ut eos unde ab. Qui deserunt consequatur repellat ullam voluptatem impedit. Accusantium magni in ut sunt. Nulla quae eum atque neque beatae vel. Repellendus dignissimos et optio inventore.',0,0,'1974-11-27 04:57:12','2011-08-03 03:53:52'),(38,14,26,'Nulla sequi voluptatibus non quibusdam eos architecto. Aut dicta nam voluptates est atque rerum et. Accusamus dolorum odit inventore.',1,1,'1972-05-14 12:52:42','2006-01-02 06:21:12'),(39,99,34,'Sit saepe asperiores officia fugit. Qui maiores in et officiis ea qui qui. Excepturi laudantium reprehenderit explicabo et eum assumenda et. Aut sapiente facilis error sapiente dolorum laborum eum. Praesentium sequi et alias pariatur.',0,1,'2002-02-23 05:40:07','2020-06-25 16:01:52'),(40,46,82,'Blanditiis consequatur est sapiente numquam dolores magnam temporibus. Adipisci voluptates eos placeat facere. Voluptatem et rerum quisquam cumque perferendis.',0,1,'1982-06-01 22:41:22','2020-06-25 16:01:52'),(41,89,97,'Non et aut vel sint repudiandae blanditiis. Impedit facere totam sint quo amet ut illo aspernatur. Repudiandae corrupti et cumque saepe quod ut voluptatibus quia. Aut minus quia aut tempora non perspiciatis fuga. Qui non laboriosam placeat exercitationem.',1,1,'1984-06-28 12:31:21','2008-05-10 11:12:24'),(42,62,36,'Hic similique ab sunt et. Vitae perspiciatis consequuntur ea sed. Qui quos qui eveniet cupiditate tempore.',1,1,'1993-06-27 16:17:27','2009-09-13 00:34:37'),(43,22,24,'Sapiente repudiandae sapiente velit eos. Voluptas et nulla vero illo ad eveniet omnis. Et incidunt fugiat aut molestiae rerum et. Sit facere ut quia corporis voluptate aut.',0,0,'2011-12-01 18:36:09','2020-06-25 16:01:52'),(44,34,57,'Temporibus pariatur consequuntur facilis eaque illo ea necessitatibus sit. Dolore totam enim officiis voluptates quaerat aut eveniet. Minus occaecati facere nesciunt magnam. Non aut saepe possimus animi ipsam pariatur facere.',0,1,'1980-01-09 16:35:42','1983-03-13 01:06:42'),(45,92,41,'Tenetur molestias ipsa aperiam. Repellendus architecto facere voluptatum sed ut.',0,0,'2013-12-21 09:11:39','2020-06-25 16:01:52'),(46,30,48,'Qui omnis molestiae asperiores quaerat voluptatem. Minima praesentium praesentium officia ratione. Reiciendis et culpa officiis aut inventore in. Corrupti praesentium aliquam praesentium sed aut tenetur maiores.',1,0,'2008-06-02 02:01:45','2020-06-25 16:01:52'),(47,86,80,'Placeat adipisci ratione omnis quia quaerat quas. Non tempore molestias dolor aut ut totam. Quisquam dolorum accusantium molestiae sint veniam.',0,0,'1989-12-30 01:04:53','2020-06-25 16:01:52'),(48,33,29,'Possimus nihil doloremque quia inventore ipsa est. Culpa ratione nisi dolor rerum aut eum. Omnis in laborum officia cum quaerat.',1,0,'2006-05-04 11:33:26','2020-06-25 16:01:52'),(49,20,79,'Laboriosam quidem omnis sit deleniti. Sit impedit velit quis qui commodi error. Facilis aliquam reiciendis id dignissimos. Maxime et est et dicta.',0,0,'2002-11-24 00:46:44','2020-06-25 16:01:52'),(50,87,1,'Et eos qui ut alias suscipit. Esse nihil doloribus dolorum repellendus. Perspiciatis quia aut minima consequuntur labore natus. Est libero est pariatur voluptas ad soluta.',0,1,'2003-08-26 17:54:32','2020-06-25 16:01:52'),(51,17,90,'Dolorum eius quia consequuntur veritatis nesciunt quo blanditiis. Sit repellendus mollitia aut. Dolorum ut nostrum laudantium id.',0,1,'2003-08-30 09:28:47','2012-02-27 21:05:57'),(52,2,39,'Fuga quibusdam assumenda qui dolor modi. Nobis necessitatibus fugiat nihil quasi qui error. Cum officia distinctio est consequatur ut et aut. Cupiditate exercitationem veniam animi est sint omnis.',0,0,'1977-11-21 19:00:37','1985-05-25 17:15:28'),(53,14,15,'Aliquid laboriosam rerum recusandae. Deserunt libero sit asperiores quia rerum qui eaque. Quasi asperiores nulla deserunt cumque unde. Et magni ab et eum minus incidunt magnam.',1,1,'1988-07-03 19:19:12','2006-03-21 00:43:00'),(54,65,12,'Animi ipsa sequi voluptatem. Aut autem quos quis velit sed. Et consequatur modi molestiae neque qui.',0,0,'1978-09-22 00:11:08','1979-07-26 11:49:48'),(55,49,11,'Molestias perferendis optio error rem commodi. Ut quisquam odio vitae ea. Quasi beatae occaecati voluptatem vel. Et magni consequatur quis ea molestiae temporibus quo.',0,1,'1993-06-11 12:41:40','2005-05-26 01:02:55'),(56,94,37,'Eum iure dolore et omnis asperiores quam ut. Vel corrupti non fuga sint molestias et. Autem maiores dolor omnis sit quia ea cum.',0,1,'1997-03-23 14:15:35','2020-06-25 16:01:52'),(57,7,55,'Possimus qui eligendi eveniet nemo tempore. Et labore similique aliquid sit. Sequi qui natus itaque ipsum quaerat.',0,1,'1976-06-03 06:03:27','1991-02-22 05:01:41'),(58,73,29,'Voluptatem ut voluptatem sequi quasi illo sunt quod. Voluptatibus at vel provident et voluptas minus. Similique voluptatibus eaque cum at est. Necessitatibus a molestiae cupiditate.',1,0,'2012-07-26 16:54:02','2020-06-25 16:01:52'),(59,79,7,'Voluptas sit quam mollitia eaque perspiciatis. Quis est aut qui nobis quisquam hic consequatur. Voluptatem ipsa repellendus consectetur et quia qui. Neque quod ad exercitationem.',1,0,'1988-08-19 11:53:09','1989-02-21 20:53:05'),(60,85,71,'Dolor earum dolorem voluptate qui. Quae ex sunt dolor qui rerum consequatur. Voluptatum voluptas earum amet quia doloribus modi voluptate. Voluptas libero molestiae sed impedit consectetur. Mollitia id quia adipisci assumenda placeat illo.',0,1,'1970-01-15 01:43:24','1985-02-08 08:23:51'),(61,47,14,'At quae occaecati ratione aut id recusandae odit quo. Illum eum tenetur eos ipsum. Nemo nemo debitis quos non magni nihil. Culpa quam quis est accusamus.',1,1,'2012-06-18 20:38:45','2020-06-25 16:01:52'),(62,18,33,'Ex velit quo doloribus explicabo et et et. Praesentium velit commodi exercitationem vel aut placeat natus. Accusantium quia consequatur qui illum perferendis.',0,1,'2013-04-18 09:42:04','2020-06-25 16:01:52'),(63,94,50,'Ut quia atque quas incidunt dicta magni. Quos perspiciatis modi et expedita tenetur. Sed rerum repellendus qui alias quibusdam sint ducimus.',1,1,'2001-12-05 21:40:09','2005-10-12 19:40:01'),(64,61,14,'Qui et omnis magnam eveniet id quibusdam quis. Porro et qui maxime rerum et aut. Minus enim ut et culpa cumque. Voluptatem nobis sequi quia laudantium qui dolor.',0,1,'2007-07-03 23:21:33','2020-06-25 16:01:52'),(65,29,48,'Aut voluptatem aut qui aut quidem sit. Explicabo aliquam labore reiciendis dolor mollitia iste. Tempore dolorem quas ea animi praesentium.',1,1,'1978-02-17 19:05:53','1998-09-30 20:43:50'),(66,14,45,'Ut omnis aperiam nesciunt voluptas qui nulla est. Sunt et ratione autem possimus consequatur illum molestias. Ex perspiciatis itaque eligendi dolorem consectetur dolores.',0,1,'1998-07-17 12:11:19','2008-10-13 21:56:27'),(67,38,15,'Eum ut distinctio molestiae. Beatae nam est rerum rem cumque voluptas. Consequatur totam molestias laborum labore delectus et possimus quod. Voluptatem nam et occaecati similique eum.',1,0,'2015-11-28 10:02:47','2020-06-25 16:01:52'),(68,84,51,'Et repudiandae labore fuga consequuntur sapiente aut sunt. Qui cupiditate alias fugit suscipit omnis. Voluptatum adipisci maxime vitae tenetur sed. Commodi et possimus maiores repudiandae nihil saepe.',0,1,'2005-05-14 19:03:15','2020-06-25 16:01:52'),(69,30,49,'Quas magnam consequatur quo repudiandae. Id dolores nesciunt molestiae ratione doloremque alias et et. Molestiae minima est impedit quod sit aut aut aut. Rerum ullam dolorum et.',0,0,'2000-10-30 05:28:38','2004-06-05 06:21:14'),(70,63,79,'Ut omnis et distinctio eum earum fugiat est. Distinctio ut cupiditate porro ullam rerum quod rerum. Et quia at numquam vel quis totam. Nesciunt adipisci dolorum delectus cupiditate. Quia aperiam aut totam blanditiis nihil sint.',0,0,'1982-11-21 21:30:31','2020-06-25 16:01:52'),(71,59,57,'Tempora sapiente sed consequatur ducimus laborum ut. Quia quisquam nostrum quas recusandae ipsum qui facilis reprehenderit. Voluptate at sed quo voluptatem distinctio. Culpa commodi amet non laudantium rem aliquam aut porro. Velit possimus natus possimus necessitatibus omnis temporibus.',1,1,'1984-09-25 06:18:22','2001-03-02 19:35:32'),(72,15,66,'Eum dolorem velit molestias quia nihil est. Omnis nihil sapiente eveniet officiis facilis amet repellat. Cumque explicabo vel ullam amet facere nihil. Omnis aut et dolorem voluptatem iste cumque quasi in.',1,0,'1988-12-09 09:32:54','2018-02-12 11:26:01'),(73,11,87,'Asperiores et amet quisquam odit quia aut. Inventore nihil fugiat nihil a corporis quas. Non vitae qui suscipit est error eaque. Culpa et ut nemo quisquam quia.',0,0,'2005-01-29 00:18:54','2015-07-20 03:18:37'),(74,94,90,'Maiores sit tenetur atque non provident voluptates. Neque eos laudantium eligendi nobis aperiam. Dicta aut qui ipsam sit eligendi sed occaecati eaque.',0,0,'2014-03-16 13:36:15','2019-05-18 10:30:17'),(75,94,78,'Unde est ut sit impedit aliquid voluptas. Voluptatem corporis aperiam earum inventore cum ut dolores eligendi. Sequi eos itaque sunt. Tempore id impedit rerum dolore.',0,0,'1994-11-25 00:10:28','2020-06-25 16:01:52'),(76,60,40,'Dolorem ea consequuntur eos error culpa. Quia animi ipsa iste amet aut nesciunt. Mollitia earum impedit et. Enim consectetur voluptatibus numquam quas.',0,1,'1993-04-25 17:21:59','2020-06-25 16:01:52'),(77,92,77,'Maxime sit eveniet odio id amet. Unde doloribus adipisci quia voluptatem est. Est vel ut voluptatum est vero consequatur commodi. Minus sapiente pariatur voluptatum dolores delectus.',1,1,'1997-02-03 16:16:09','2017-10-10 18:56:27'),(78,73,86,'Et exercitationem tenetur excepturi quasi. Eveniet aliquid ipsa nesciunt accusamus est quia alias. Quasi vero voluptates voluptas ea sit occaecati consequatur. Blanditiis fuga quidem est. Deserunt est iusto velit deleniti culpa qui.',0,0,'1998-12-06 22:00:29','2014-01-17 16:21:34'),(79,27,34,'Quia consequatur maxime vel iste sunt non. Qui ipsum commodi in voluptatum sed facere. Vero voluptas modi molestias in. Nulla voluptate ut nisi quod rerum autem sint id.',1,1,'2008-12-05 04:46:22','2020-06-25 16:01:52'),(80,99,55,'Aut nesciunt dolores neque aut laudantium veritatis reiciendis. Accusamus velit molestias perspiciatis quia iste eius error. Vero unde deleniti magni quod amet quia voluptatem. Dignissimos non rerum hic ut quaerat.',0,0,'2001-12-24 13:45:02','2020-06-25 16:01:52'),(81,81,12,'Ut non incidunt culpa ducimus nostrum. Et reprehenderit fuga beatae nihil. Quia ut et est voluptate aut corporis id.',0,0,'1979-04-18 07:16:09','1999-08-25 17:27:01'),(82,100,19,'Ad eligendi doloremque molestiae dolore distinctio odit cumque. Beatae ipsam veniam accusamus dolores enim ipsum facilis qui. Aliquid qui natus voluptatem. Omnis incidunt rerum corrupti beatae porro. Voluptates molestias assumenda ducimus dolorem perspiciatis molestias molestiae.',0,0,'1979-10-07 12:41:21','1985-04-01 03:13:27'),(83,27,84,'Quas molestias aut nemo quia officiis. Qui architecto et fugit dolorum sed rem. Odio nemo doloremque officiis omnis quaerat quis voluptas sint. Accusamus atque ratione qui corrupti blanditiis accusantium quia. Inventore tempore tenetur iste et.',1,1,'2012-01-07 19:46:07','2020-06-25 16:01:52'),(84,69,57,'Autem natus voluptatem eos optio veniam quia velit. Nesciunt rem explicabo deleniti natus et qui aut. Dolor et voluptas molestiae adipisci quae nisi incidunt. Consequatur sit quasi reiciendis dolore rerum sint dolores.',1,0,'2013-06-26 20:42:45','2020-06-25 16:01:52'),(85,33,32,'Voluptatibus dicta aut nihil sed maiores quo ipsa velit. Nostrum aut eveniet molestias sunt libero voluptatem dolore. Voluptas voluptatem mollitia quia sed corporis occaecati ad. Nam aliquid aut reiciendis qui. Maiores maxime eos quae non.',1,1,'1996-12-31 23:32:41','2001-01-15 03:53:24'),(86,35,92,'Magni voluptatem et molestiae. Laboriosam dolorem modi expedita aliquid. Aspernatur ipsa deserunt fugit quia quia a adipisci.',1,1,'1978-08-06 15:54:24','2020-03-24 03:59:44'),(87,88,50,'Numquam et placeat est. Voluptatem vitae velit consequuntur. Architecto est iste autem exercitationem atque accusamus.',1,0,'1989-04-16 21:09:57','2020-06-25 16:01:52'),(88,57,99,'Ut id adipisci delectus natus. Sunt dolor qui quo id. Itaque repudiandae inventore eaque quibusdam et et. Esse quibusdam aut aliquam saepe.',1,0,'1984-01-31 17:47:20','2020-06-25 16:01:52'),(89,37,51,'Iste ea rerum earum reprehenderit. Molestiae quos sit libero vitae perferendis. Blanditiis officia dolorum natus sint.',0,0,'1981-10-05 14:57:45','1991-08-15 14:17:56'),(90,88,30,'Dolor dolor accusamus expedita architecto dicta placeat. Soluta delectus ipsa libero unde ab tempore. Corrupti dolores in quas officiis rerum. Est est sequi et magni quod adipisci minima velit.',0,1,'2013-03-24 23:38:01','2020-06-25 16:01:52'),(91,29,47,'Assumenda provident dolores dolores recusandae assumenda quod doloribus. Quod voluptas similique et deleniti. Dignissimos quidem voluptatem odio est. Repellendus et tempora quidem qui sint illo.',1,1,'2015-08-26 08:45:36','2020-06-25 16:01:52'),(92,70,20,'Nostrum pariatur voluptates animi dolor praesentium numquam. Qui nemo molestiae voluptatem ducimus voluptatem ipsum. Voluptatum unde sit eos qui laborum dolore et ab. Mollitia sit at blanditiis ut rerum maiores.',1,0,'1997-08-11 16:42:17','2011-08-21 12:51:35'),(93,24,42,'Id nesciunt inventore ut blanditiis pariatur sed animi. Voluptate ipsa est eum consequatur at.',0,1,'1979-05-26 13:55:11','2016-08-03 18:27:30'),(94,6,50,'Optio aut tempore voluptates hic eligendi. Itaque doloremque similique eum officiis. Explicabo unde accusantium animi repudiandae sapiente quis suscipit.',0,0,'1974-09-10 06:51:00','2020-06-25 16:01:52'),(95,76,5,'Est et voluptates et recusandae animi eveniet tempore. Veniam qui vitae fugit unde tenetur animi. Qui voluptatem omnis minus et.',1,1,'1995-04-23 12:42:09','2011-12-04 10:40:30'),(96,5,57,'Fugit et eligendi quia fugiat eos. Nihil delectus aliquid ut. Dolorum a delectus aspernatur. Possimus unde accusantium deserunt officia.',0,0,'1976-08-13 17:16:13','2016-08-27 14:08:21'),(97,17,4,'Excepturi qui quis minima nemo nesciunt. Velit dolor esse nostrum. Ut laboriosam ex quos voluptas non quia non. Temporibus magni sed maiores voluptatibus.',1,0,'1979-07-27 14:50:04','2008-11-22 09:50:44'),(98,75,43,'Optio porro ex cumque quibusdam temporibus. Eius ipsum quis qui et quae. Facilis maxime iusto minus incidunt sit rerum beatae aliquam. Nihil porro beatae impedit voluptatum soluta facere. Voluptatem dolores assumenda aliquid quia ad quia et.',1,1,'1978-05-28 04:39:48','2020-06-25 16:01:52'),(99,88,44,'Exercitationem dolor adipisci sit explicabo ea dolor expedita. Fugit qui et impedit et sit. Et commodi quos odio perspiciatis possimus.',0,0,'1997-08-16 17:27:00','2020-06-25 16:01:52'),(100,100,20,'Mollitia ipsa aut eum praesentium placeat autem. Incidunt quisquam eum rerum non omnis. Praesentium minima aut vero sint voluptatem vel. Earum rerum voluptas corrupti enim est ullam et.',1,1,'1978-09-19 11:25:53','2009-04-13 19:34:57');
/*!40000 ALTER TABLE `messages` ENABLE KEYS */;
UNLOCK TABLES;

--
-- Table structure for table `posts`
--

DROP TABLE IF EXISTS `posts`;
/*!40101 SET @saved_cs_client     = @@character_set_client */;
/*!50503 SET character_set_client = utf8mb4 */;
CREATE TABLE `posts` (
  `id` int unsigned NOT NULL AUTO_INCREMENT,
  `user_id` int unsigned NOT NULL,
  `community_id` int unsigned DEFAULT NULL,
  `head` varchar(255) DEFAULT NULL,
  `body` text NOT NULL,
  `media_id` int unsigned DEFAULT NULL,
  `is_public` tinyint(1) DEFAULT '1',
  `is_archived` tinyint(1) DEFAULT '0',
  `views_counter` int unsigned DEFAULT '0',
  `created_at` datetime DEFAULT CURRENT_TIMESTAMP,
  `updated_at` datetime DEFAULT CURRENT_TIMESTAMP ON UPDATE CURRENT_TIMESTAMP,
  PRIMARY KEY (`id`),
  KEY `posts_user_id_fk` (`user_id`),
  KEY `posts_community_id_fk` (`community_id`),
  KEY `posts_media_id_fk` (`media_id`),
  CONSTRAINT `posts_community_id_fk` FOREIGN KEY (`community_id`) REFERENCES `communities` (`id`) ON DELETE SET DEFAULT,
  CONSTRAINT `posts_media_id_fk` FOREIGN KEY (`media_id`) REFERENCES `media` (`id`) ON DELETE SET DEFAULT,
  CONSTRAINT `posts_user_id_fk` FOREIGN KEY (`user_id`) REFERENCES `users` (`id`) ON DELETE SET DEFAULT
) ENGINE=InnoDB AUTO_INCREMENT=101 DEFAULT CHARSET=utf8mb4 COLLATE=utf8mb4_0900_ai_ci;
/*!40101 SET character_set_client = @saved_cs_client */;

--
-- Dumping data for table `posts`
--

LOCK TABLES `posts` WRITE;
/*!40000 ALTER TABLE `posts` DISABLE KEYS */;
INSERT INTO `posts` VALUES (1,77,8,'owxz','Amet in fugit qui quod unde esse qui rerum. Et ducimus consequatur sit natus eligendi. Numquam sunt odio ut in vero id odio.',67,1,1,441,'2006-03-13 20:38:56','1971-12-05 06:21:22'),(2,20,6,'kpof','Deserunt repellendus et corrupti voluptas omnis. Molestiae laboriosam sint facere fugit voluptatem et incidunt. Veritatis ratione provident omnis iste velit velit maiores. Mollitia voluptatum consequuntur ut recusandae.',47,1,1,432,'2009-04-01 13:09:24','1971-04-05 20:35:00'),(3,72,6,'qmym','Tempora sunt nesciunt unde eveniet. Tempora aut aperiam qui voluptate atque. Nemo omnis itaque voluptas autem et recusandae.',96,0,1,827,'1984-01-09 07:45:47','1984-09-02 22:57:36'),(4,35,3,'hloq','Sunt est nam illum consectetur qui. Omnis ea autem est nulla aliquid cupiditate porro et. Quia molestias similique voluptate adipisci et a incidunt.',41,0,1,37,'1998-05-24 09:16:55','1995-04-27 11:55:50'),(5,16,5,'avwe','Sit et qui occaecati minus qui. Voluptatem odit et blanditiis voluptatem perspiciatis inventore.',29,0,0,437,'1988-02-28 08:25:02','1997-11-13 19:57:44'),(6,68,8,'zzln','Est ipsum voluptate animi ea modi pariatur. Ab atque corrupti blanditiis. Sed suscipit et rerum eos. In natus reiciendis mollitia.',25,0,0,536,'1996-01-12 07:30:45','1986-12-09 16:20:39'),(7,18,7,'wiqj','Illum qui atque aut est rem ut. Quis provident fugit omnis. Repellendus sint consectetur laborum. A ipsa a asperiores delectus illum quis numquam.',66,1,0,992,'1994-07-17 13:02:40','1982-03-23 22:06:00'),(8,49,7,'mkpw','Sit reprehenderit quia commodi qui quasi. Explicabo a et molestiae. Necessitatibus odio nostrum officiis. Impedit provident est architecto placeat ullam tempora.',72,0,0,120,'2020-01-13 15:34:15','1997-06-16 19:20:33'),(9,19,8,'tjwg','Dolor et tenetur alias a. Tenetur tempora dolores inventore minus. Et et quis omnis quia non qui tenetur occaecati. Aut porro cupiditate est error. Vel voluptatem eum omnis eligendi hic voluptas et.',14,0,1,810,'1989-10-23 06:02:56','1983-06-21 19:21:05'),(10,71,7,'qaxz','Repudiandae accusamus tempora sint tempora temporibus eos. Soluta ut amet aperiam id voluptates minima. Amet et tempore ipsam qui illum at aspernatur. Cumque veritatis vel voluptas possimus amet dolorem aut.',89,0,1,630,'1991-11-07 10:18:32','2002-04-16 05:02:39'),(11,16,2,'kqqm','Facere sunt autem quis deleniti est. Voluptatem aliquid voluptate aut molestiae sapiente inventore veniam. Hic est est odit consequatur. Rerum consequatur sit et voluptatem dolores id.',90,0,1,58,'1998-12-20 05:04:47','1971-02-10 07:04:24'),(12,76,5,'xqfu','Ab est iure autem eum et. Unde qui quasi amet cupiditate suscipit molestiae. Voluptas porro nostrum voluptate explicabo totam quo.',94,0,1,456,'1997-04-04 11:00:47','1996-07-21 17:38:03'),(13,77,4,'lgob','Incidunt sunt sed eum non nemo ullam quasi. Sapiente sint fuga officiis enim exercitationem atque. Sit incidunt neque error ratione.',78,0,1,870,'1974-11-10 22:00:38','1995-04-04 15:44:34'),(14,48,4,'uisw','Nesciunt consequuntur in sapiente. Reiciendis autem aut in cumque consequuntur quis.',49,1,1,83,'1984-10-05 12:01:49','2009-03-10 13:37:39'),(15,48,6,'rpgy','Aut esse et dignissimos est possimus laboriosam. Maiores quia nobis velit unde sed qui incidunt quasi. Dolore nihil aliquam autem non voluptas blanditiis ab. Odio ea laudantium eos praesentium cum.',21,1,0,609,'2006-10-15 13:32:35','1990-07-19 19:39:24'),(16,67,6,'eubg','Nobis commodi repellat laboriosam sed pariatur ea sit. Quisquam nobis voluptatem voluptatem est. Dolores eaque numquam quo. Minus consequatur tenetur porro incidunt.',44,1,0,555,'1997-02-13 14:30:58','2014-12-28 16:00:00'),(17,57,6,'noff','Quasi aut porro quis. Sint et voluptas beatae facilis autem impedit. Minus incidunt quae et. Temporibus ut similique reprehenderit ut consectetur veniam explicabo. Dolorem aut rem nam at.',55,1,0,505,'1993-08-30 15:17:01','1970-09-20 08:27:11'),(18,49,5,'stac','Aliquid fugiat est assumenda facilis ex voluptate nam. Commodi illum aut qui quo dignissimos. Aut molestiae itaque quos doloribus et expedita et. Perferendis et deserunt tempora totam non voluptates aspernatur.',88,1,1,727,'2018-12-18 18:07:59','1974-10-23 23:51:19'),(19,32,3,'oqmw','Laudantium minima velit reiciendis earum odit dolor error molestiae. Numquam beatae ipsum atque. Eos molestiae in voluptatem adipisci eum.',69,1,1,697,'2011-03-07 14:35:53','2014-12-27 19:55:08'),(20,74,8,'pjha','Vel aut et quasi omnis magnam voluptatibus. Suscipit atque nemo quia officiis. Velit porro rerum est laborum ut quia et. Maiores numquam illum veniam omnis.',86,0,1,724,'1972-09-30 07:14:13','2002-07-12 07:23:59'),(21,34,3,'wbyx','Tempora et id consectetur officia consectetur id. Et et voluptatibus culpa esse. Eligendi amet mollitia eaque laborum deleniti temporibus. Voluptatem omnis ut quis.',42,0,1,167,'1981-03-29 21:04:45','2004-09-22 09:18:20'),(22,58,6,'qcnr','Labore voluptatem ut ipsum error voluptas alias modi. Blanditiis porro ducimus laboriosam porro. Et quo nesciunt perferendis quasi aliquid aut. Sequi et dolor rerum error fugit.',79,1,1,976,'1987-04-10 19:55:58','1998-08-04 22:01:35'),(23,48,6,'jstx','Mollitia dolor veritatis eum unde expedita qui omnis quasi. Commodi officiis aut nesciunt maxime. Sint eos dignissimos cum quod sunt. Sed est aut ab veniam adipisci ut dolore in.',92,0,1,373,'2005-09-02 04:00:34','1993-03-24 11:15:32'),(24,66,6,'dsdj','Eaque nihil omnis vero quis harum consectetur. Quia accusamus et ut voluptatem omnis laudantium. Occaecati magnam aperiam qui rerum ullam. Rerum aperiam sunt vero.',53,0,1,182,'1989-04-19 09:07:12','1975-01-14 08:44:57'),(25,88,5,'bfey','Quis quae sequi ullam et accusantium ut. Dolorem dolore sequi aut et.',47,1,0,108,'2013-09-17 08:52:30','2011-05-16 19:05:30'),(26,97,5,'mjnz','Nobis aut qui voluptas ea. Dicta quis dicta modi alias minima ducimus quia. Omnis aut omnis reiciendis iure impedit quisquam temporibus deserunt. Blanditiis est nobis sed minima.',43,1,0,508,'2014-09-30 10:12:04','1976-02-01 23:34:09'),(27,4,1,'kxpc','Quia laboriosam animi asperiores architecto eos eveniet. Suscipit architecto doloremque rem. Aut maiores est suscipit rem placeat laudantium.',31,1,0,954,'1971-12-26 21:39:35','1986-02-08 05:21:55'),(28,2,4,'hjsy','Laboriosam magni laudantium facilis qui a enim. Et qui sint animi nisi et aperiam nam. Et ab dolorem et et et pariatur.',75,1,1,578,'1970-10-31 19:22:50','1997-01-21 09:56:39'),(29,91,4,'znae','Officia perspiciatis corporis alias illo. Asperiores molestiae quibusdam molestiae voluptas placeat sequi suscipit. Voluptatem aut alias explicabo dolores mollitia.',71,1,1,697,'2018-04-16 12:57:04','1985-06-03 09:44:17'),(30,75,6,'krla','Voluptates voluptatem est est ipsa rerum veritatis. Sit ex aut et neque magni est. Est iusto cumque totam voluptatem dolores. Sunt dolor blanditiis et ab quia et quasi odio.',77,1,0,652,'1984-12-31 20:11:17','1991-07-30 01:13:10'),(31,74,4,'ikjh','Odit recusandae sed voluptatem reprehenderit consequuntur et aut in. Omnis nisi et omnis et consequatur vel. Occaecati eveniet et molestiae debitis quia voluptas aut. Ut et officia ut est tempora et perspiciatis neque. Tenetur repellendus autem nam numquam ratione neque nihil esse.',45,1,0,743,'2005-05-11 07:49:54','1990-10-29 07:49:35'),(32,98,3,'ajpw','Sapiente enim harum sit harum ducimus consequatur quis. Soluta quaerat sint modi dolores occaecati recusandae tempora.',50,1,1,485,'1981-11-07 07:04:10','2007-10-13 21:53:53'),(33,23,5,'lvur','Nesciunt deleniti iste voluptas atque voluptas sit impedit. Quas qui quis nam in ab corrupti consequatur in. Nisi officiis et est.',17,1,0,867,'1983-05-04 11:25:12','2012-04-26 18:30:10'),(34,39,2,'dhyu','Odio quis aut repellat cupiditate. Odit modi dolorem voluptatem ut qui omnis delectus. Aut perferendis sequi reiciendis. Sit odit animi temporibus sunt. Accusantium non omnis perferendis omnis necessitatibus qui.',22,0,1,5,'1989-02-03 08:07:02','1997-05-02 04:51:22'),(35,22,1,'dfhu','Eveniet facilis necessitatibus sequi minus. Cum temporibus eos illum inventore. Omnis quos nulla asperiores dignissimos id libero. Dolore enim quas consectetur.',81,1,1,244,'1987-06-29 12:46:34','2011-08-22 23:28:45'),(36,91,6,'ghdu','Tempore et vitae vitae culpa eius. Ut temporibus incidunt cumque animi delectus molestiae et nesciunt. Vitae illum eaque consequatur quidem veniam voluptatum.',3,0,1,154,'2020-02-01 16:59:50','1975-12-11 07:30:05'),(37,8,6,'iaeg','Molestiae ipsum non aut laboriosam commodi. Impedit quae neque aliquid voluptatem. Aut beatae animi consequatur. Natus error et enim rerum.',5,0,1,188,'1978-05-07 18:25:48','1981-07-18 13:21:10'),(38,53,2,'ntrw','Enim aut est repellat quasi ea iusto accusamus iusto. Nihil nam occaecati ipsum et. Quam aspernatur debitis vero dicta asperiores molestiae. Dolorum cumque temporibus recusandae qui perspiciatis animi.',40,1,0,433,'2005-02-22 18:31:57','1983-08-28 23:50:56'),(39,23,3,'zemz','Velit rerum explicabo laborum iste est. Non totam aut possimus in fuga veritatis. Quo voluptas asperiores assumenda ducimus dolorem molestiae et commodi. Suscipit tempora excepturi molestiae et.',31,1,1,799,'1985-11-03 15:38:36','1977-04-28 20:48:36'),(40,29,6,'zlru','Molestias occaecati maiores deleniti expedita. Corrupti vel doloribus fugiat. Velit non illum consequatur. Commodi quia suscipit et ex illo deleniti voluptate.',4,0,1,142,'1993-01-18 12:38:21','1976-10-16 03:59:21'),(41,45,5,'jszz','Sit fugiat minima omnis autem aperiam. Numquam et nulla sunt repellendus sit error. Molestias maiores sunt et omnis nostrum. Et mollitia qui fugit molestiae et incidunt occaecati et. Sint quae sit aspernatur cupiditate.',13,1,1,918,'2005-05-21 16:15:23','2005-03-20 10:12:22'),(42,30,5,'gdsa','Est id esse ratione rerum et nihil. Voluptates voluptatibus architecto rerum iure odio. Ratione non nisi dolorem similique sit sint aut recusandae. Enim numquam quo consequatur laborum fugiat laudantium repudiandae.',34,1,1,623,'1972-10-27 06:38:45','1984-07-05 12:36:42'),(43,63,1,'wqye','Neque esse enim voluptas pariatur. Saepe adipisci in error nostrum et incidunt veniam. Eius aut nam dolorum.',58,1,1,358,'2016-07-15 22:48:49','1974-12-14 22:01:19'),(44,88,4,'gzvc','Vel quia reiciendis doloremque. Iure quas provident est sint quia soluta aperiam.',34,1,1,411,'2004-07-18 01:22:50','2008-10-22 00:28:08'),(45,41,5,'byje','Assumenda amet ut tempore quidem molestiae aut omnis nisi. Consequatur aperiam expedita veritatis vero sed. Laborum et fugiat reiciendis tenetur error.',52,0,0,708,'1993-07-11 01:08:21','1983-11-24 06:31:57'),(46,66,1,'ermy','Voluptatem laudantium quos facere impedit iusto ex molestiae. Laboriosam nemo molestiae perspiciatis quibusdam cupiditate.',32,1,0,137,'1987-03-17 00:50:00','1991-04-23 01:22:58'),(47,27,5,'whwd','Velit et earum asperiores. Nostrum quia maxime ut praesentium quidem rerum rerum. Est iusto ullam mollitia sint. Doloribus quasi et molestias enim perspiciatis quasi ab hic.',35,1,0,548,'2020-04-15 09:38:47','1981-01-09 09:25:15'),(48,69,3,'xqak','Sit vero quia numquam et expedita qui aut illum. Ratione est ipsam praesentium consectetur natus tenetur dolorum. Sed ut temporibus aut ea id. Excepturi sequi expedita quasi nihil aut necessitatibus.',67,0,1,735,'1971-11-24 20:26:00','1976-07-08 10:27:30'),(49,11,5,'bbnb','Fugiat cum ratione similique et. Mollitia aut repellat quasi et inventore. Ut laborum assumenda est neque voluptatem sit. Numquam rem perspiciatis aut ut amet temporibus dolorum.',2,0,1,315,'1983-08-14 10:21:18','2008-09-03 09:55:43'),(50,8,8,'qneg','Quidem dolorum dicta voluptates rem a ipsa qui libero. Blanditiis impedit aut fugit libero est. Perspiciatis a rerum illo fuga dolorem.',29,1,0,32,'1985-10-29 15:55:15','1987-11-23 00:55:24'),(51,75,8,'ozla','Voluptatum eius unde et qui. Aut dolor voluptatum iste mollitia. Placeat quia omnis minima debitis. Ea rerum pariatur aliquid reiciendis.',16,0,0,299,'1974-03-21 07:12:43','1997-06-09 04:05:03'),(52,91,2,'pdqk','Cupiditate nostrum sequi aut sed quia. Vel et officiis necessitatibus odit totam et architecto dolores. Quas iste assumenda assumenda aspernatur expedita praesentium. Et deleniti maiores accusamus eum ratione perferendis.',82,1,0,846,'1975-02-10 23:22:47','1978-11-17 11:28:15'),(53,23,8,'mehh','Qui voluptatem voluptas nulla maiores sint deleniti. Non animi et et inventore. Sit culpa est in excepturi cum et. Non eum quasi reprehenderit laboriosam.',59,0,0,206,'1995-11-27 23:52:35','2001-04-04 06:33:34'),(54,85,6,'yynw','Quis rem voluptas cum. Omnis qui natus non placeat. Velit in voluptatibus consectetur repellendus magnam est soluta sit. Est at sint nemo saepe.',8,1,0,138,'2007-08-01 22:50:15','2013-09-16 22:28:14'),(55,81,4,'txwz','Perferendis rerum sapiente impedit ut. Numquam magnam incidunt nesciunt et. Ratione id doloremque vitae illo. Id ratione reprehenderit et recusandae est quibusdam.',96,0,1,292,'2013-12-20 17:51:43','1976-04-07 18:01:40'),(56,58,7,'laex','Provident impedit non quidem quae sunt voluptas odit. Quia minus labore exercitationem dolorem ullam voluptatibus. Et qui omnis alias quia. Amet aut voluptatum nobis molestias.',75,0,1,960,'2017-09-29 14:52:35','1984-07-02 02:54:55'),(57,16,2,'keix','Ut quo dicta eum aliquid eum. A vel aliquam in sapiente veritatis animi inventore. Delectus hic voluptas deleniti et ipsa ullam sapiente. Explicabo voluptatem suscipit consectetur molestiae omnis veritatis suscipit.',67,0,0,850,'1982-11-28 11:39:30','1985-03-12 02:48:50'),(58,75,5,'rqge','Alias rerum molestiae sed enim eaque minus. Architecto assumenda cupiditate neque quidem odio exercitationem ut. Debitis voluptas autem reprehenderit aliquam ea impedit aspernatur est.',73,0,0,529,'1972-11-30 04:06:15','2007-12-31 23:37:01'),(59,62,1,'qwbc','A omnis in aut est non. Explicabo rerum aut omnis ut nihil. Laborum culpa accusantium autem dolore.',91,0,1,410,'2017-04-01 23:26:25','1990-09-17 17:39:55'),(60,29,2,'ljpb','Quisquam dolorem ratione quod. Omnis illo sint illo fuga molestias voluptate aspernatur. Quos sit consequatur dignissimos possimus qui. Tempora voluptatem vitae quis necessitatibus.',11,1,0,220,'1984-02-19 18:00:54','1970-12-21 07:47:58'),(61,68,5,'jamh','Inventore ab aliquid accusantium corrupti consequatur. Quasi voluptas iure sequi atque voluptatibus nisi vitae. Et ipsum nesciunt et eum. Qui autem tenetur dignissimos sed ipsum laudantium.',55,0,0,857,'2005-02-03 13:48:45','1979-12-24 17:52:13'),(62,22,4,'tlqb','Aut sed cum consequatur et dolores et autem. Quod sit minus laudantium velit inventore rerum ducimus. Laborum ea est dignissimos pariatur molestiae nemo.',36,0,1,701,'1989-02-12 20:39:57','2014-03-08 07:11:55'),(63,60,4,'hwyd','Rerum aut rerum et aperiam. Mollitia vitae laboriosam ut quaerat et id. Dignissimos repellendus in aut.',64,1,1,614,'1984-01-16 09:21:02','1986-11-14 11:33:16'),(64,37,8,'tjof','Nisi a molestias culpa et sed reprehenderit nobis autem. Ut illo et possimus quo qui. Ipsum ab commodi nobis dolores repellendus. Ut ut eveniet quia voluptatem rem.',7,1,1,317,'1993-01-06 13:02:03','1983-02-13 06:46:00'),(65,100,8,'jjtq','Minus quis corporis rerum doloremque. Ullam nam voluptatem libero omnis omnis dolorem ut sint. Soluta dolor et harum totam rerum id.',67,1,1,589,'1986-03-04 13:38:11','1989-12-01 13:55:45'),(66,47,5,'qqqi','Reprehenderit asperiores in a dolores. Eius culpa alias vel odit. Repudiandae perferendis voluptatem et sint.',20,1,0,865,'2016-04-04 20:27:41','2017-03-26 10:56:00'),(67,86,4,'youz','Ratione cum et deleniti nobis consequatur minus ab est. Animi qui et doloribus ad. Est exercitationem laboriosam repellendus ut reiciendis.',39,0,1,881,'1999-05-31 10:35:52','1987-03-08 01:41:54'),(68,85,5,'xpxs','Voluptatem et assumenda fugiat fugit. Ea totam at officia minima id.',97,1,1,844,'1988-07-11 12:36:41','2011-06-11 03:18:50'),(69,31,5,'vwgj','Asperiores voluptatem et quae nemo voluptates qui labore. Sequi nobis aut qui voluptates tempora nesciunt. Ratione ut ipsam eos voluptatem. Dolor ut porro nemo qui et natus quo.',23,0,0,488,'2006-03-05 05:12:58','2014-07-28 21:20:15'),(70,31,4,'tuzx','Sint optio qui ut et veritatis. Reiciendis perspiciatis fugiat eius quo quas et fugiat. Sed quo et iste rerum veniam ratione. Possimus quisquam iste veritatis veritatis sed reiciendis rem vel.',78,1,1,72,'1973-01-21 22:06:24','1979-10-31 09:47:13'),(71,13,7,'tlna','Voluptas sapiente labore qui quaerat blanditiis aut sequi. Consequatur maiores quae molestias. Quis exercitationem ipsa est qui illum mollitia. Est aut ullam alias velit voluptates est.',76,0,1,707,'2015-10-02 08:45:43','2013-05-22 11:40:46'),(72,87,2,'itmx','Et ex tempore eum veniam vitae. Natus voluptatibus et et minima illo adipisci. Sed iste id repellendus inventore reprehenderit qui. Dolores accusantium impedit ut vel sed corrupti temporibus.',39,1,0,47,'2003-09-11 10:49:34','1972-12-18 08:24:00'),(73,61,2,'qupu','Eveniet iste id dignissimos. Deserunt consequuntur ut sed. Ad et beatae rerum in non. Natus provident enim in consequatur et.',88,1,0,746,'1972-02-15 01:10:59','1983-09-02 20:41:05'),(74,100,3,'jrsx','Fuga debitis et maiores in vero ea qui. Perferendis et rerum id.',47,0,0,930,'1989-12-01 12:40:57','1999-05-19 15:23:32'),(75,73,8,'jkbf','Vel provident et quisquam quis consequatur officia. Occaecati libero assumenda ut eveniet.',66,1,0,872,'1997-11-08 00:45:49','1984-05-02 12:07:33'),(76,41,8,'cqph','Deleniti velit dolorem est aut inventore nesciunt pariatur omnis. Harum enim fugit iure blanditiis.',23,1,0,885,'1983-03-22 04:51:46','1989-07-25 19:53:17'),(77,99,3,'xzzp','Quis sint dolor molestiae ut et modi. Quia magni qui blanditiis laudantium ut. A magnam assumenda et corrupti incidunt eos cumque est. Illo ea beatae nulla voluptatem.',68,0,1,494,'2007-07-18 00:54:01','2002-03-07 16:51:14'),(78,68,8,'pvkq','In dolorum autem dicta aut ad in quo. Quia odit omnis quis provident consequuntur. Alias ipsam nemo eos aut.',45,1,0,336,'2012-04-21 23:21:56','1991-07-28 05:48:10'),(79,95,7,'pnpa','Quos minima aliquam quis magnam a voluptate mollitia tempora. Eligendi dolor aut dolorum qui earum perspiciatis veniam. Molestiae molestias neque doloribus velit quo necessitatibus quis. Optio fugiat necessitatibus quos praesentium.',44,1,1,907,'1973-10-08 21:14:21','1976-10-24 09:16:15'),(80,41,8,'nsdo','Magnam cumque quos et qui quae itaque. Laudantium veritatis ut nihil corporis ut et. Ipsam quae nihil asperiores minus. Molestiae pariatur voluptas aliquam cum velit itaque doloribus.',55,1,0,311,'1989-12-11 11:37:25','2016-10-12 04:04:20'),(81,42,6,'htop','Voluptatum odit vel et non et illum. Consequatur nemo expedita unde deserunt omnis quisquam ea.',16,1,1,116,'1994-01-28 13:27:37','1991-07-28 04:26:31'),(82,22,1,'gpax','Nobis quae provident id debitis quia eaque. Accusamus officia earum quaerat id aspernatur. Quasi labore magni aut qui aspernatur rerum laboriosam repellendus. Officia assumenda dolores laborum rerum quo dolor voluptatem labore. Repudiandae et inventore quidem cum laborum.',87,1,1,128,'2000-10-30 09:12:31','2010-01-14 20:22:33'),(83,91,8,'corg','Ducimus quidem aliquid vel possimus temporibus qui reiciendis. Ipsa vel recusandae sed facilis odit sit. Debitis molestias provident tempora ut ea harum voluptatem.',8,0,0,698,'2009-02-12 04:18:08','1983-11-13 17:00:55'),(84,96,2,'fytj','Eveniet praesentium quis omnis autem. Iure neque esse praesentium non voluptatem atque. Aut voluptatem omnis alias ratione ipsum distinctio doloremque.',62,0,0,982,'1973-01-08 15:25:15','2000-12-01 07:00:09'),(85,14,3,'iejc','Unde nesciunt temporibus quas doloribus maiores dolor reiciendis. Eveniet similique mollitia error sint. Placeat tenetur iste velit atque voluptates. Consequuntur molestiae tenetur expedita est sapiente dolorum dolores.',75,0,0,685,'1987-09-15 09:39:32','2017-12-08 02:25:13'),(86,87,7,'zohp','Eligendi animi nesciunt eius nulla veniam consectetur. At ut est voluptatem consequatur veniam voluptatem saepe animi. Fuga quia earum eos. Tenetur placeat ipsum aperiam et cumque et ut.',19,1,0,280,'1985-09-02 01:03:06','2002-10-13 18:19:31'),(87,100,3,'uvrp','Provident est id necessitatibus placeat deserunt. Et ut non asperiores hic. Non cum distinctio voluptatum tempora. Error earum ex sed quo officia aut.',58,1,0,650,'2005-11-30 15:36:48','1974-03-22 12:22:09'),(88,52,4,'ellg','Architecto hic eum quibusdam eos doloremque blanditiis ut. Dignissimos maxime et aut maiores temporibus. Dolores alias dolor suscipit ut voluptatem.',44,1,0,831,'1995-10-05 09:40:14','2000-01-01 04:34:34'),(89,71,7,'koxw','Sequi occaecati numquam hic autem consequatur. Ut laboriosam quia id facilis consequatur repellendus. Tempora quia quis labore pariatur. Molestiae voluptas consequuntur necessitatibus recusandae rerum natus nesciunt repudiandae.',10,0,0,329,'2005-02-11 01:22:08','2009-11-11 16:09:20'),(90,17,5,'tzfh','Distinctio quae omnis debitis optio ea omnis aspernatur. Numquam sed dolor est. Illum sunt modi deserunt odit est.',66,0,1,483,'1975-12-21 17:29:37','1994-10-02 21:31:38'),(91,27,2,'erfv','Vero beatae eos nihil velit nihil. Provident delectus sed occaecati error.',2,1,0,276,'1979-01-12 12:05:59','1991-10-04 21:50:50'),(92,86,5,'xmsg','Sit rerum unde provident quis nesciunt. Itaque ullam nobis et. Qui itaque laborum repellat vitae.',8,1,0,638,'1998-02-24 19:28:12','1978-12-23 21:08:38'),(93,49,4,'qnnd','Minima exercitationem temporibus eum rerum dicta reprehenderit. Inventore velit molestias officia voluptatem.',13,0,1,2,'2008-05-22 18:47:35','1985-04-25 14:50:33'),(94,19,2,'zrcp','Ea illum molestiae veniam tempore. Fuga in soluta distinctio maiores. Aut nesciunt eum similique enim porro sequi qui.',56,0,1,507,'2006-02-05 16:53:05','2007-10-22 02:26:11'),(95,61,3,'trbi','Vel mollitia ut sunt ut explicabo magni. Debitis cumque ducimus velit necessitatibus. Odit ut sit voluptas eveniet dolorem fugiat autem.',15,1,0,499,'2012-09-16 09:39:48','2015-06-13 23:57:49'),(96,7,4,'xfxr','Enim omnis porro harum quaerat est porro culpa voluptatem. Est harum ut optio ut dolor non.',17,0,1,229,'1981-03-28 15:12:16','1981-03-31 11:49:04'),(97,49,1,'jrpu','Explicabo maxime modi explicabo odit ullam ipsam enim quaerat. Illum et alias harum. Accusamus sed sunt officia fuga.',22,1,1,324,'1992-08-27 21:35:44','1973-09-14 18:33:37'),(98,53,1,'yhpd','Et praesentium at non modi similique maiores cupiditate. Et a officiis neque voluptas dolore fugiat. Consequuntur eum rem sapiente sint quasi.',32,1,1,133,'1992-03-28 20:06:00','1983-12-12 03:40:57'),(99,71,3,'uyjb','Hic rem ex accusamus odio et cumque. Maxime est nihil nemo. Odio modi rem sunt non molestias. Distinctio dolor eaque suscipit cum quidem magni.',28,1,1,307,'2004-10-30 21:52:23','1976-12-19 18:13:55'),(100,63,8,'qqez','Cumque aut repudiandae distinctio commodi sed facilis. Debitis sint reprehenderit nostrum earum reiciendis.',27,0,0,194,'2004-11-29 22:29:00','1975-03-19 14:06:41');
/*!40000 ALTER TABLE `posts` ENABLE KEYS */;
UNLOCK TABLES;

--
-- Table structure for table `profiles`
--

DROP TABLE IF EXISTS `profiles`;
/*!40101 SET @saved_cs_client     = @@character_set_client */;
/*!50503 SET character_set_client = utf8mb4 */;
CREATE TABLE `profiles` (
  `user_id` int unsigned NOT NULL COMMENT 'Ссылка на пользователя',
  `gender` char(1) CHARACTER SET utf8 COLLATE utf8_unicode_ci NOT NULL COMMENT 'Пол',
  `birthday` date DEFAULT NULL COMMENT 'Дата рождения',
  `photo_id` int unsigned DEFAULT NULL,
  `city` varchar(130) CHARACTER SET utf8 COLLATE utf8_unicode_ci DEFAULT NULL COMMENT 'Город проживания',
  `country` varchar(130) CHARACTER SET utf8 COLLATE utf8_unicode_ci DEFAULT NULL COMMENT 'Страна проживания',
  `created_at` datetime DEFAULT CURRENT_TIMESTAMP COMMENT 'Время создания строки',
  `updated_at` datetime DEFAULT CURRENT_TIMESTAMP ON UPDATE CURRENT_TIMESTAMP COMMENT 'Время обновления строки',
  PRIMARY KEY (`user_id`),
  KEY `profiles_photo_id_fk` (`photo_id`),
  CONSTRAINT `profiles_photo_id_fk` FOREIGN KEY (`photo_id`) REFERENCES `media` (`id`) ON DELETE SET NULL,
  CONSTRAINT `profiles_user_id_fk` FOREIGN KEY (`user_id`) REFERENCES `users` (`id`) ON DELETE CASCADE
) ENGINE=InnoDB DEFAULT CHARSET=utf8 COLLATE=utf8_unicode_ci COMMENT='Профили';
/*!40101 SET character_set_client = @saved_cs_client */;

--
-- Dumping data for table `profiles`
--

LOCK TABLES `profiles` WRITE;
/*!40000 ALTER TABLE `profiles` DISABLE KEYS */;
INSERT INTO `profiles` VALUES (1,'w','2005-11-13',1,'Port Jovanborough','Cayman Islands','1977-05-09 15:13:44','2020-07-05 16:47:46'),(2,'w','1992-11-18',2,'Lake Antwan','Brazil','2008-06-24 23:26:02','2020-07-05 16:47:46'),(3,'w','2018-07-18',3,'Hodkiewiczburgh','Seychelles','1974-04-03 12:51:39','2020-07-05 16:47:46'),(4,'m','1989-01-09',4,'Douglaschester','Lesotho','1979-05-12 05:46:41','2020-07-05 16:47:46'),(5,'m','1994-04-03',5,'Lake Glen','Iran','1994-07-07 02:58:05','2020-07-05 16:47:46'),(6,'w','2018-05-19',6,'New Wendell','Guadeloupe','1995-04-26 10:40:47','2020-07-05 16:47:46'),(7,'m','1974-09-14',7,'Lake Soledad','El Salvador','1996-10-31 04:20:17','2020-07-05 16:47:46'),(8,'w','2017-01-31',8,'New Kaydenside','India','1992-12-08 15:37:14','2020-07-05 16:47:46'),(9,'m','2009-07-24',9,'Hilllburgh','Cameroon','1991-08-25 14:42:04','2020-07-05 16:47:46'),(10,'w','1973-12-03',10,'Kirlinport','Latvia','1990-11-05 13:13:26','2020-07-05 16:47:46'),(11,'w','1983-01-22',11,'Erdmanborough','New Zealand','1996-08-03 07:02:56','2020-07-05 16:47:46'),(12,'w','1974-08-21',12,'Keeleymouth','Zimbabwe','2012-09-12 14:43:32','2020-07-05 16:47:46'),(13,'w','1982-06-21',13,'New Loy','Antigua and Barbuda','1994-05-05 12:16:41','2020-07-05 16:47:46'),(14,'w','1992-12-27',14,'West Karolann','Ireland','2014-10-05 04:13:20','2020-07-05 16:47:46'),(15,'m','1986-08-04',15,'Lake Robert','Uruguay','1993-07-15 16:14:41','2020-07-05 16:47:46'),(16,'m','2002-10-22',16,'Hamillshire','Kiribati','2003-07-04 08:19:27','2020-07-05 16:47:46'),(17,'m','1972-09-15',17,'New Rockystad','Puerto Rico','1972-07-12 14:22:29','2020-07-05 16:47:46'),(18,'w','1998-08-11',18,'Sabrinatown','Czech Republic','1991-11-30 20:29:44','2020-07-05 16:47:46'),(19,'w','1973-12-08',19,'Nicolasbury','Papua New Guinea','2012-11-07 06:15:57','2020-07-05 16:47:46'),(20,'m','2019-08-24',20,'Schambergerport','Saint Vincent and the Grenadines','1983-05-14 04:11:45','2020-07-05 16:47:46'),(21,'m','2017-10-12',21,'East Willis','Chad','2015-10-21 01:38:17','2020-07-05 16:47:46'),(22,'m','1979-07-16',22,'South Alysson','Antigua and Barbuda','1984-08-26 12:43:28','2020-07-05 16:47:46'),(23,'w','1974-03-14',23,'Davisfurt','Greenland','1997-05-08 06:03:46','2020-07-05 16:47:46'),(24,'m','2015-11-29',24,'New Duncanberg','Portugal','2019-02-05 03:28:44','2020-07-05 16:47:46'),(25,'m','1991-02-11',25,'Kulaschester','Saint Vincent and the Grenadines','1987-02-15 06:37:44','2020-07-05 16:47:46'),(26,'w','1999-12-24',26,'Marlenland','Puerto Rico','2009-01-15 12:59:02','2020-07-05 16:47:46'),(27,'m','1994-08-07',27,'New Lisette','Ghana','1984-02-15 00:47:42','2020-07-05 16:47:46'),(28,'w','2012-05-14',28,'Lindgrenburgh','Kazakhstan','2019-03-26 07:52:38','2020-07-05 16:47:46'),(29,'m','2001-01-14',29,'North Alexieberg','China','2000-05-13 09:56:36','2020-07-05 16:47:46'),(30,'w','1973-01-04',30,'Wernermouth','Botswana','2004-07-18 17:58:15','2020-07-05 16:47:46'),(31,'w','1977-06-27',31,'Schultztown','Tajikistan','2000-12-12 04:49:52','2020-07-05 16:47:46'),(32,'w','1984-07-10',32,'Kuhnchester','Tanzania','2013-10-15 06:46:28','2020-07-05 16:47:46'),(33,'m','2004-05-31',33,'Schambergerbury','Mexico','1993-03-23 08:31:00','2020-07-05 16:47:46'),(34,'w','2009-09-25',34,'Coreneport','Saint Lucia','1981-04-03 14:34:20','2020-07-05 16:47:46'),(35,'m','1988-09-29',35,'New Marvin','Cayman Islands','2012-04-03 18:46:08','2020-07-05 16:47:46'),(36,'m','2010-08-22',36,'Lake Abraham','Tuvalu','2007-10-21 05:27:21','2020-07-05 16:47:46'),(37,'w','1994-03-02',37,'New Michaelfort','United States Virgin Islands','2019-08-27 07:41:31','2020-07-05 16:47:46'),(38,'m','1993-12-14',38,'New Eldridge','Tanzania','2000-03-10 16:01:40','2020-07-05 16:47:46'),(39,'m','2013-03-24',39,'North Coltonchester','Nicaragua','1973-09-22 05:12:45','2020-07-05 16:47:46'),(40,'w','1999-09-22',40,'South Glennieport','Tuvalu','1971-11-04 12:40:11','2020-07-05 16:47:46'),(41,'m','2013-10-05',41,'Weissnatborough','Guatemala','1984-11-24 02:16:10','2020-07-05 16:47:46'),(42,'m','1996-07-22',42,'New Mikayla','Oman','2011-12-07 14:05:48','2020-07-05 16:47:46'),(43,'w','1980-06-22',43,'Hahnstad','New Caledonia','1989-09-15 12:37:20','2020-07-05 16:47:46'),(44,'w','1979-05-21',44,'Lucindashire','Bosnia and Herzegovina','2002-06-13 04:44:54','2020-07-05 16:47:46'),(45,'w','2015-02-17',45,'Jaydaville','Netherlands Antilles','1977-09-05 17:51:16','2020-07-05 16:47:46'),(46,'m','1979-04-16',46,'North Rusty','Bangladesh','1973-10-28 12:33:33','2020-07-05 16:47:46'),(47,'m','1974-10-23',47,'Littlefort','Saint Helena','2012-01-26 07:21:59','2020-07-05 16:47:46'),(48,'m','2009-04-04',48,'Port Hermina','Antigua and Barbuda','2017-12-02 14:39:30','2020-07-05 16:47:46'),(49,'w','2018-02-25',49,'West Hadley','France','2018-12-31 14:00:12','2020-07-05 16:47:46'),(50,'m','1981-12-10',50,'West Romainechester','Oman','1998-04-03 22:52:22','2020-07-05 16:47:46'),(51,'w','1983-08-05',51,'East Quinten','Cayman Islands','1978-06-29 16:11:42','2020-07-05 16:47:46'),(52,'w','2006-07-18',52,'South Katarina','Niue','1996-11-12 00:28:54','2020-07-05 16:47:46'),(53,'w','2008-04-03',53,'Port Zola','Tuvalu','2001-05-02 09:49:08','2020-07-05 16:47:46'),(54,'m','1999-07-13',54,'Theresiaburgh','Cape Verde','2007-11-18 05:00:33','2020-07-05 16:47:46'),(55,'m','1974-11-19',55,'Audreannemouth','Palestinian Territory','2017-06-25 12:40:24','2020-07-05 16:47:46'),(56,'m','2006-07-05',56,'Eddieport','Ghana','1975-08-23 13:37:43','2020-07-05 16:47:46'),(57,'m','2014-09-19',57,'West Claudberg','Iraq','2016-02-27 02:14:52','2020-07-05 16:47:46'),(58,'w','1977-10-16',58,'Stevieshire','Timor-Leste','2015-02-15 22:06:50','2020-07-05 16:47:46'),(59,'w','2001-11-12',59,'Orionburgh','Sierra Leone','2008-11-22 01:07:27','2020-07-05 16:47:46'),(60,'m','2017-03-14',60,'Ilianaview','Burundi','1983-06-12 06:09:18','2020-07-05 16:47:46'),(61,'m','1989-05-22',61,'Swiftmouth','Croatia','2016-05-22 09:48:21','2020-07-05 16:47:46'),(62,'w','2018-07-12',62,'Marysemouth','Bangladesh','2007-10-03 14:06:39','2020-07-05 16:47:46'),(63,'w','1981-05-18',63,'Kristopherbury','India','2012-12-19 08:47:41','2020-07-05 16:47:46'),(64,'w','1998-08-21',64,'Tremayneburgh','Panama','1974-02-01 14:46:31','2020-07-05 16:47:46'),(65,'w','1982-03-13',65,'South Golden','Dominica','1992-09-05 02:01:04','2020-07-05 16:47:46'),(66,'m','1971-09-22',66,'New Samantha','Poland','2003-09-04 12:59:10','2020-07-05 16:47:46'),(67,'m','2011-08-22',67,'New Destineyshire','Tokelau','1986-06-06 09:36:41','2020-07-05 16:47:46'),(68,'w','1998-08-08',68,'East Narcisochester','Malawi','1970-03-08 12:14:50','2020-07-05 16:47:46'),(69,'m','1984-05-15',69,'Lake Drake','Chile','1997-10-06 01:09:54','2020-07-05 16:47:46'),(70,'m','1998-07-24',70,'Lake Hilda','Eritrea','1970-09-25 22:12:33','2020-07-05 16:47:46'),(71,'w','1980-06-21',71,'Lake Christborough','Libyan Arab Jamahiriya','2015-07-10 07:32:43','2020-07-05 16:47:46'),(72,'w','1999-07-01',72,'Consueloshire','Sao Tome and Principe','1987-10-29 19:57:07','2020-07-05 16:47:46'),(73,'m','2012-02-21',73,'Lake Jay','Lebanon','2014-05-02 11:00:16','2020-07-05 16:47:46'),(74,'m','2012-06-30',74,'East Weldon','Costa Rica','2018-04-16 17:06:26','2020-07-05 16:47:46'),(75,'m','1985-02-16',75,'Jarrethaven','San Marino','1985-04-11 12:01:38','2020-07-05 16:47:46'),(76,'w','2008-11-13',76,'Port Lorainemouth','United Kingdom','2017-08-21 09:13:38','2020-07-05 16:47:46'),(77,'m','1999-01-11',77,'North Verna','Antarctica (the territory South of 60 deg S)','1990-11-19 19:01:21','2020-07-05 16:47:46'),(78,'m','1991-12-08',78,'Deckowhaven','El Salvador','1973-07-28 02:48:35','2020-07-05 16:47:46'),(79,'w','2011-02-15',79,'South Greggshire','Botswana','1976-07-08 01:12:17','2020-07-05 16:47:46'),(80,'m','2019-09-12',80,'Lake Kameronhaven','Qatar','2005-07-09 23:32:42','2020-07-05 16:47:46'),(81,'m','1994-11-25',81,'Ryleighbury','Guinea','2003-09-27 21:28:42','2020-07-05 16:47:46'),(82,'w','2011-03-26',82,'Darrylhaven','Brunei Darussalam','1997-09-27 13:06:47','2020-07-05 16:47:46'),(83,'w','2004-01-30',83,'Blocktown','Malawi','1977-11-14 11:29:12','2020-07-05 16:47:46'),(84,'w','1999-05-18',84,'Port Andreane','Iran','2013-08-09 21:13:46','2020-07-05 16:47:46'),(85,'m','2001-01-27',85,'Andersonfurt','Spain','1987-12-06 16:34:08','2020-07-05 16:47:46'),(86,'w','2005-03-18',86,'Domenicoside','South Africa','1978-11-09 22:51:34','2020-07-05 16:47:46'),(87,'w','1987-01-22',87,'East Rubyefurt','Dominica','2013-10-19 21:19:55','2020-07-05 16:47:46'),(88,'m','2016-03-30',88,'North Abagailberg','Estonia','2012-06-23 23:26:38','2020-07-05 16:47:46'),(89,'w','2002-12-25',89,'Grantside','Switzerland','1988-10-27 22:51:16','2020-07-05 16:47:46'),(90,'w','1977-01-18',90,'East Amir','Peru','1997-04-28 17:53:18','2020-07-05 16:47:46'),(91,'w','1972-02-14',91,'North Vivaborough','Somalia','1983-08-15 19:14:15','2020-07-05 16:47:46'),(92,'w','2010-10-20',92,'New Treyland','Burundi','1980-12-30 22:52:05','2020-07-05 16:47:46'),(93,'w','1999-11-29',93,'Kundechester','Uzbekistan','1979-06-22 13:49:40','2020-07-05 16:47:46'),(94,'m','1995-06-02',94,'Eldorabury','Mozambique','1981-02-04 20:16:29','2020-07-05 16:47:46'),(95,'m','2017-12-13',95,'South Zachariah','Bahrain','1997-09-28 00:54:29','2020-07-05 16:47:46'),(96,'w','1970-09-06',96,'West Marioside','Guadeloupe','2001-01-05 21:57:20','2020-07-05 16:47:46'),(97,'m','2006-05-07',97,'Lake Jedediah','Bahamas','1982-07-08 01:27:25','2020-07-05 16:47:46'),(98,'m','1979-11-04',98,'Bruenchester','Ghana','1975-02-23 01:22:31','2020-07-05 16:47:46'),(99,'m','1978-05-04',99,'South Dorris','Mongolia','2006-07-28 19:52:48','2020-07-05 16:47:46'),(100,'w','1971-03-25',100,'Port Leliafort','Guadeloupe','1988-10-29 15:30:57','2020-07-05 16:47:46');
/*!40000 ALTER TABLE `profiles` ENABLE KEYS */;
UNLOCK TABLES;

--
-- Table structure for table `target_types`
--

DROP TABLE IF EXISTS `target_types`;
/*!40101 SET @saved_cs_client     = @@character_set_client */;
/*!50503 SET character_set_client = utf8mb4 */;
CREATE TABLE `target_types` (
  `id` int unsigned NOT NULL AUTO_INCREMENT,
  `name` varchar(255) NOT NULL,
  `created_at` datetime DEFAULT CURRENT_TIMESTAMP,
  PRIMARY KEY (`id`),
  UNIQUE KEY `name` (`name`)
) ENGINE=InnoDB AUTO_INCREMENT=5 DEFAULT CHARSET=utf8mb4 COLLATE=utf8mb4_0900_ai_ci;
/*!40101 SET character_set_client = @saved_cs_client */;

--
-- Dumping data for table `target_types`
--

LOCK TABLES `target_types` WRITE;
/*!40000 ALTER TABLE `target_types` DISABLE KEYS */;
INSERT INTO `target_types` VALUES (1,'messages','2020-07-07 11:23:17'),(2,'users','2020-07-07 11:23:17'),(3,'media','2020-07-07 11:23:17'),(4,'posts','2020-07-07 11:23:17');
/*!40000 ALTER TABLE `target_types` ENABLE KEYS */;
UNLOCK TABLES;

--
-- Table structure for table `users`
--

DROP TABLE IF EXISTS `users`;
/*!40101 SET @saved_cs_client     = @@character_set_client */;
/*!50503 SET character_set_client = utf8mb4 */;
CREATE TABLE `users` (
  `id` int unsigned NOT NULL AUTO_INCREMENT COMMENT 'Идентификатор строки',
  `first_name` varchar(100) CHARACTER SET utf8 COLLATE utf8_unicode_ci NOT NULL COMMENT 'Имя пользователя',
  `last_name` varchar(100) CHARACTER SET utf8 COLLATE utf8_unicode_ci NOT NULL COMMENT 'Фамилия пользователя',
  `email` varchar(100) CHARACTER SET utf8 COLLATE utf8_unicode_ci NOT NULL COMMENT 'Почта',
  `phone` varchar(100) CHARACTER SET utf8 COLLATE utf8_unicode_ci NOT NULL COMMENT 'Телефон',
  `created_at` datetime DEFAULT CURRENT_TIMESTAMP COMMENT 'Время создания строки',
  `updated_at` datetime DEFAULT CURRENT_TIMESTAMP ON UPDATE CURRENT_TIMESTAMP COMMENT 'Время обновления строки',
  PRIMARY KEY (`id`),
  UNIQUE KEY `email` (`email`),
  UNIQUE KEY `phone` (`phone`)
) ENGINE=InnoDB AUTO_INCREMENT=101 DEFAULT CHARSET=utf8 COLLATE=utf8_unicode_ci COMMENT='Пользователи';
/*!40101 SET character_set_client = @saved_cs_client */;

--
-- Dumping data for table `users`
--

LOCK TABLES `users` WRITE;
/*!40000 ALTER TABLE `users` DISABLE KEYS */;
INSERT INTO `users` VALUES (1,'Casper','Turcotte','angel.bernhard@example.com','533.799.2432x326','2011-04-14 00:52:28','2016-07-02 04:54:20'),(2,'Holden','Weissnat','haley.maggie@example.org','(432)106-1691x6947','2006-06-24 22:08:55','2020-06-25 15:57:49'),(3,'Clark','Stanton','anabelle95@example.com','(158)928-2577','2010-04-13 19:16:41','2020-06-25 15:57:49'),(4,'Elian','Harris','tmonahan@example.net','00637869901','2005-07-30 22:25:54','2014-08-22 00:02:09'),(5,'Stacy','Stroman','velda.jacobi@example.net','07688924544','2016-03-25 16:23:33','2020-06-25 15:57:49'),(6,'Adolph','Legros','jordyn.hane@example.net','327.206.2690x07355','2005-10-24 04:10:46','2020-06-25 15:57:49'),(7,'Creola','Lemke','o\'kon.josh@example.net','+73(9)5864346458','2002-08-21 03:24:36','2006-03-08 08:58:16'),(8,'Pierre','Schumm','vhudson@example.com','(537)466-2600x767','1995-04-05 03:41:30','1999-11-01 14:56:45'),(9,'Ivah','Kuhlman','weissnat.alexane@example.net','1-678-531-7963x51428','2007-02-02 13:59:42','2020-06-25 15:57:49'),(10,'Jody','Schoen','garnett.kertzmann@example.com','1-497-739-9403x135','1999-07-14 09:42:30','2020-06-25 15:57:49'),(11,'Arnulfo','Conn','marcelo65@example.com','383-122-6416','1989-12-18 05:12:48','1998-09-12 12:44:43'),(12,'Marley','Schuster','dena01@example.com','1-147-124-6185x115','2009-04-27 15:35:25','2020-06-25 15:57:49'),(13,'Zita','Thiel','ahuel@example.org','(510)552-4347x7428','2000-07-15 20:11:38','2019-05-17 23:08:42'),(14,'Jayda','Cartwright','pcartwright@example.com','463-909-6236x805','1987-10-23 14:26:38','1994-07-18 15:04:52'),(15,'Dario','Wilkinson','xo\'hara@example.org','726-586-9376x830','1981-10-26 10:29:06','2020-06-25 15:57:49'),(16,'Rafael','Tillman','franco.terry@example.net','(977)478-8192','2020-06-19 19:06:29','2020-06-25 15:57:49'),(17,'Lempi','Yost','delta46@example.net','1-221-502-8511x807','1994-10-29 10:38:44','2020-06-25 15:57:49'),(18,'Leta','Runolfsson','hazle.kling@example.org','464.698.8253x6660','2007-01-04 14:06:34','2011-03-05 18:04:53'),(19,'Shanelle','Stiedemann','sadye.bartell@example.net','270-212-9819x92459','1988-07-18 16:36:19','2012-10-19 15:42:22'),(20,'Annabel','Johnson','zfeest@example.com','(093)238-7966x9796','1992-01-04 10:50:01','1997-09-19 23:00:23'),(21,'Tierra','Beier','littel.johnnie@example.net','348.130.6962','1976-06-07 13:03:44','1992-07-31 17:13:03'),(22,'Dannie','Bashirian','fausto.bartell@example.net','655-661-5813x10026','2018-11-19 06:27:32','2020-06-25 15:57:49'),(23,'Percival','Collins','jaskolski.stewart@example.com','(269)967-7284','1986-07-29 05:45:08','1990-07-28 05:54:30'),(24,'Gino','Kreiger','orin.bayer@example.com','755.800.5438','1989-11-07 09:25:34','2020-06-25 15:57:49'),(25,'Nickolas','Rohan','hermiston.else@example.net','(782)961-9250','1987-04-18 14:54:56','2001-11-15 09:10:35'),(26,'Bo','Rippin','osmith@example.com','980.890.2750','2002-06-08 10:58:34','2003-06-01 02:09:32'),(27,'Dave','Goodwin','harvey.grayson@example.net','763.202.1888','2010-09-25 01:14:47','2020-06-25 15:57:49'),(28,'Taylor','Herzog','vtorp@example.net','(753)981-0260x897','2009-09-02 19:06:20','2020-06-25 15:57:49'),(29,'Alan','Prohaska','emmet94@example.org','005-148-5006x4205','1974-06-05 17:06:24','1987-09-18 03:43:55'),(30,'Jeanette','Leannon','derick.wiegand@example.com','+23(4)2174571286','2002-05-25 09:50:42','2007-09-13 01:49:21'),(31,'Dudley','Jones','shaniya44@example.com','447.835.8396','2003-05-05 02:06:12','2020-06-25 15:57:49'),(32,'Maggie','Tremblay','randi.schinner@example.com','855.479.0794','1991-08-18 03:29:22','1992-12-08 01:00:57'),(33,'Gregg','Reilly','ewald68@example.net','06888065540','1983-07-15 02:59:08','2015-08-10 07:50:46'),(34,'Zander','Donnelly','nash.stroman@example.net','301.123.7685x151','1994-11-26 02:22:02','1995-11-26 06:49:06'),(35,'General','Yost','igreen@example.com','(696)320-9406x98481','2015-03-06 13:33:33','2020-06-25 15:57:49'),(36,'Kailyn','Kiehn','parisian.clarissa@example.org','(428)860-1936','1985-06-15 02:49:45','2020-06-25 15:57:49'),(37,'Katlynn','Schoen','dicki.oren@example.com','304.657.0855x53681','1989-08-22 21:59:33','2020-06-25 15:57:49'),(38,'Karl','Roob','thelma60@example.com','559.256.5295','1996-12-31 18:27:55','2020-06-25 15:57:49'),(39,'Austin','King','doris35@example.net','972.442.4228','1988-08-26 03:33:39','2020-06-25 15:57:49'),(40,'Hermann','McLaughlin','dibbert.erick@example.net','1-886-599-3494x88653','1982-04-12 07:45:06','2020-06-25 15:57:49'),(41,'Kaylah','Wolf','ward.jay@example.org','021.488.6901','1981-02-15 18:23:33','2012-12-21 09:25:26'),(42,'Denis','Jones','tristian42@example.com','266-895-3528','1974-09-06 14:45:57','2020-06-25 15:57:49'),(43,'Salma','Strosin','epaucek@example.com','118-014-1136','1997-01-23 02:30:19','2010-11-06 10:10:10'),(44,'Dawn','Ward','maximus.douglas@example.org','(050)716-0180','1985-08-11 04:46:44','2020-06-25 15:57:49'),(45,'Deron','Reilly','cschuster@example.org','(600)592-6461','2017-01-01 16:40:18','2020-06-25 15:57:49'),(46,'Vance','Friesen','eriberto42@example.org','(341)689-6978x638','2001-02-08 20:53:50','2020-06-25 15:57:49'),(47,'Ethelyn','Marks','ollie.emmerich@example.net','00465603203','2017-03-29 06:07:59','2020-06-25 15:57:49'),(48,'Dax','Prohaska','beahan.connor@example.net','1-381-646-4545','1987-02-25 01:33:07','2007-05-06 08:19:24'),(49,'Alek','Herzog','dorian88@example.net','782.512.6937x77353','1987-04-05 13:20:03','2020-06-25 15:57:49'),(50,'Vada','Hayes','hermiston.wayne@example.org','860.766.1185x910','2017-07-03 00:44:17','2020-06-25 15:57:49'),(51,'Sandy','Bailey','tomasa33@example.net','(943)040-9612','1982-11-05 11:17:12','1984-06-14 23:55:54'),(52,'Titus','Reichel','yjerde@example.com','1-110-442-7818x779','2016-07-03 01:17:37','2020-06-25 15:57:49'),(53,'Citlalli','Homenick','pwunsch@example.net','490.341.8194','2014-02-20 12:26:06','2020-06-25 15:57:49'),(54,'Hunter','Heathcote','jakayla.hodkiewicz@example.net','873.192.4027','1992-04-11 10:24:46','2020-06-25 15:57:49'),(55,'Thurman','Rodriguez','oren84@example.com','833-427-4405x59174','2014-12-30 12:00:16','2020-06-25 15:57:49'),(56,'Asia','Kuphal','toy.walter@example.org','+02(6)1207458691','2016-06-24 20:06:11','2020-06-25 15:57:49'),(57,'Thomas','Rohan','addie49@example.net','967-096-0890x626','1976-11-17 22:39:40','1995-06-08 19:42:00'),(58,'Francisca','Zieme','rbosco@example.com','497-067-8191x858','1982-01-15 14:52:54','2016-12-21 05:38:03'),(59,'Ezra','Kunde','kertzmann.yvette@example.com','+00(1)5572649904','1980-11-10 10:17:01','2005-03-01 19:27:07'),(60,'Odie','McKenzie','hickle.jesus@example.org','556-352-2031','2008-04-24 01:10:44','2020-06-25 15:57:49'),(61,'Bud','Gleason','eleuschke@example.com','390.000.0582x1753','2012-07-01 18:33:59','2020-06-25 15:57:49'),(62,'Jaiden','Bechtelar','paula.swift@example.com','266.915.2595x407','1975-01-10 07:32:49','1977-07-12 07:58:23'),(63,'Marques','Robel','damon.bergstrom@example.net','(248)172-6916','1998-09-19 22:07:34','2006-11-11 10:15:21'),(64,'Garret','Ledner','pietro87@example.org','632.022.5407','2015-06-02 14:05:37','2020-06-25 15:57:49'),(65,'Vern','Reichel','scollier@example.com','1-686-130-2549x3650','1980-04-07 03:34:03','2008-04-04 23:10:56'),(66,'Clara','Macejkovic','grant.sharon@example.net','(821)966-0902x51115','1977-08-21 11:56:48','2008-08-18 06:52:21'),(67,'Pauline','Pollich','athena64@example.net','(911)277-7681','1975-08-02 07:01:20','1986-08-20 05:48:49'),(68,'Terrance','Herman','harber.sibyl@example.com','+50(7)8256890514','1994-11-21 20:29:13','2020-06-25 15:57:49'),(69,'Darion','Moen','stanton.providenci@example.net','366.979.9711x944','2016-10-18 10:29:14','2020-06-25 15:57:49'),(70,'Adolfo','Langosh','christophe46@example.net','(331)298-4570x8153','2013-03-02 22:54:11','2015-03-05 10:03:50'),(71,'Paula','Wehner','arlie88@example.org','1-863-384-8571x482','1984-03-26 23:49:28','2020-06-25 15:57:49'),(72,'Kris','Nicolas','barrows.coleman@example.net','(035)453-2480x5824','1981-06-05 21:44:39','2015-02-11 17:29:10'),(73,'Robyn','Simonis','esther83@example.net','07536236836','1997-02-12 20:11:57','2003-01-13 22:31:01'),(74,'Bonita','Rutherford','lloyd66@example.com','+83(2)2854874147','2009-04-09 17:11:29','2020-06-25 15:57:49'),(75,'Mae','Kreiger','kyla44@example.com','694-548-4266x7701','1984-12-28 21:46:52','2007-03-10 10:41:59'),(76,'Kali','Stroman','mcclure.jerad@example.net','1-809-022-2396x380','2016-04-15 19:19:11','2016-12-01 21:28:23'),(77,'Waino','Quigley','betsy.quitzon@example.net','054.068.6632','2005-07-24 22:03:32','2020-06-25 15:57:49'),(78,'Clifford','Windler','wlockman@example.org','1-179-626-5688','1980-01-29 09:47:26','2015-01-26 09:47:58'),(79,'Stuart','Schmeler','yhyatt@example.net','(229)041-9456x16876','2004-03-08 13:25:35','2020-06-25 15:57:49'),(80,'Jensen','Muller','paxton.breitenberg@example.net','1-976-583-9814','2013-07-13 05:34:49','2020-06-25 15:57:49'),(81,'Ashtyn','Little','ian24@example.org','08813984215','1992-08-24 03:03:47','2020-06-25 15:57:49'),(82,'Julio','Marquardt','oreichel@example.com','(856)883-5339x8882','2016-11-05 05:08:59','2020-06-25 15:57:49'),(83,'Arnoldo','Treutel','slarson@example.org','594-146-5385','2017-12-19 08:09:20','2020-06-25 15:57:49'),(84,'Jeramy','Yundt','marcos34@example.org','329-676-5412x780','2013-10-19 07:04:25','2020-06-25 15:57:49'),(85,'Sharon','Rath','janet60@example.org','224.780.4019','1984-08-25 10:05:52','1995-11-18 18:10:03'),(86,'Andre','Klein','pshields@example.net','+23(9)5965162099','2015-03-01 14:27:33','2020-06-25 15:57:49'),(87,'Kirstin','VonRueden','adam35@example.org','886-316-1798x86140','1977-10-09 05:00:41','1980-06-10 13:29:05'),(88,'Marc','Rempel','spencer.annamarie@example.com','1-393-772-9070x891','2006-06-12 19:11:13','2020-06-25 15:57:49'),(89,'Odie','McGlynn','rebeca.spencer@example.net','1-512-470-6899x7120','2007-05-10 15:04:13','2020-06-25 15:57:49'),(90,'Samara','Hyatt','lroob@example.com','(266)267-7516x263','1973-06-11 17:34:46','1991-04-11 17:38:20'),(91,'Johnathon','Purdy','carmella60@example.net','435.494.0035','1977-03-23 05:35:46','1991-04-16 00:31:10'),(92,'Herminio','Osinski','felicity.pfeffer@example.org','295.400.7789','2004-05-09 12:24:13','2020-06-25 15:57:49'),(93,'Kurtis','Kemmer','ehahn@example.com','512.672.8254','1978-06-06 02:28:12','2011-07-05 14:46:02'),(94,'Eva','Gerhold','alison.sporer@example.com','+95(4)8008478825','1971-02-14 16:57:04','2016-10-31 07:40:54'),(95,'Adrienne','Braun','river96@example.net','559-476-1837','2008-03-22 00:31:41','2020-06-25 15:57:49'),(96,'Jevon','Heidenreich','hdavis@example.com','561.539.8390','1994-02-14 05:29:15','2008-12-23 12:36:31'),(97,'Vilma','Howe','ucremin@example.org','359-816-4148x586','1984-09-04 20:10:05','2015-10-07 04:49:41'),(98,'Jaylon','Hodkiewicz','ward.chance@example.net','721-503-8383','2013-06-13 16:22:21','2020-06-25 15:57:49'),(99,'Russel','Ferry','destiny.abshire@example.com','704-568-5911x886','2005-07-03 05:06:00','2020-06-25 15:57:49'),(100,'Suzanne','West','ywelch@example.net','967-220-7502x199','1978-03-21 23:07:12','2020-06-25 15:57:49');
/*!40000 ALTER TABLE `users` ENABLE KEYS */;
UNLOCK TABLES;
/*!40103 SET TIME_ZONE=@OLD_TIME_ZONE */;

/*!40101 SET SQL_MODE=@OLD_SQL_MODE */;
/*!40014 SET FOREIGN_KEY_CHECKS=@OLD_FOREIGN_KEY_CHECKS */;
/*!40014 SET UNIQUE_CHECKS=@OLD_UNIQUE_CHECKS */;
/*!40101 SET CHARACTER_SET_CLIENT=@OLD_CHARACTER_SET_CLIENT */;
/*!40101 SET CHARACTER_SET_RESULTS=@OLD_CHARACTER_SET_RESULTS */;
/*!40101 SET COLLATION_CONNECTION=@OLD_COLLATION_CONNECTION */;
/*!40111 SET SQL_NOTES=@OLD_SQL_NOTES */;

-- Dump completed on 2020-07-08 11:18:38
